Train_ID,Station_Code,Train_Priority,Weather_Condition,Time_of_Day,Day_of_Week,Network_Congestion,Active_Incident,Scheduled_Arrival_Mins,Actual_Arrival_Mins,Delay_Minutes
11559,BPL,MAIL_EXPRESS,CLEAR,EVENING,SATURDAY,MEDIUM,NO,688,718,30
26743,MAS,RAJDHANI,CLEAR,AFTERNOON,THURSDAY,LOW,NO,1033,1035,2
29701,MTJ,MAIL_EXPRESS,MONSOON_STORM,NIGHT,SATURDAY,HIGH,NO,813,883,70
14410,MMCT,FREIGHT,MONSOON_STORM,MORNING,WEDNESDAY,CRITICAL,TRACK_MAINTENANCE,178,330,152
15236,AGC,SUPERFAST,FOG,NIGHT,MONDAY,HIGH,SIGNAL_FAILURE,628,702,74
25317,MTJ,RAJDHANI,CLEAR,MORNING,SATURDAY,LOW,NO,353,354,1
29901,AGC,FREIGHT,RAIN,MORNING,TUESDAY,HIGH,NO,1049,1106,57
23464,HWH,FREIGHT,RAIN,AFTERNOON,SUNDAY,HIGH,NO,255,321,66
14308,HWH,MAIL_EXPRESS,RAIN,MORNING,SUNDAY,MEDIUM,NO,1320,1356,36
25283,MTJ,RAJDHANI,MONSOON_STORM,EVENING,WEDNESDAY,HIGH,NO,880,927,47
27076,NDLS,SUPERFAST,RAIN,NIGHT,MONDAY,MEDIUM,NO,490,513,23
16940,MTJ,FREIGHT,FOG,EVENING,WEDNESDAY,CRITICAL,NO,826,937,111
23446,MTJ,MAIL_EXPRESS,RAIN,MORNING,TUESDAY,MEDIUM,NO,1008,1043,35
22546,GWL,RAJDHANI,RAIN,NIGHT,MONDAY,MEDIUM,NO,1264,1284,20
27136,GWL,RAJDHANI,MONSOON_STORM,EVENING,SUNDAY,CRITICAL,NO,72,167,95
11148,GWL,FREIGHT,FOG,NIGHT,THURSDAY,HIGH,NO,93,156,63
19988,MTJ,MAIL_EXPRESS,CLEAR,MORNING,THURSDAY,MEDIUM,NO,37,66,29
24257,AGC,FREIGHT,FOG,NIGHT,SUNDAY,CRITICAL,TRACK_MAINTENANCE,1242,1392,150
21720,MTJ,SUPERFAST,RAIN,NIGHT,THURSDAY,MEDIUM,NO,1090,1121,31
22662,AGC,MAIL_EXPRESS,RAIN,MORNING,MONDAY,MEDIUM,NO,609,647,38
22863,JHS,RAJDHANI,CLEAR,NIGHT,WEDNESDAY,LOW,NO,281,283,2
28431,MMCT,SUPERFAST,MONSOON_STORM,EVENING,SUNDAY,HIGH,NO,742,806,64
11964,MAS,FREIGHT,CLEAR,MORNING,SATURDAY,HIGH,NO,1079,1135,56
21016,MMCT,SUPERFAST,MONSOON_STORM,NIGHT,THURSDAY,CRITICAL,NO,221,313,92
16937,MTJ,SUPERFAST,MONSOON_STORM,EVENING,FRIDAY,CRITICAL,SIGNAL_FAILURE,1360,1502,142
19736,NDLS,MAIL_EXPRESS,MONSOON_STORM,MORNING,FRIDAY,CRITICAL,NO,1278,1391,113
20510,BPL,MAIL_EXPRESS,CLEAR,MORNING,WEDNESDAY,LOW,NO,74,86,12
14250,NDLS,FREIGHT,RAIN,NIGHT,TUESDAY,HIGH,NO,1168,1225,57
15179,HWH,MAIL_EXPRESS,MONSOON_STORM,AFTERNOON,THURSDAY,HIGH,NO,398,482,84
20078,AGC,MAIL_EXPRESS,RAIN,EVENING,THURSDAY,HIGH,TRACK_MAINTENANCE,900,987,87
29356,MTJ,MAIL_EXPRESS,CLEAR,EVENING,WEDNESDAY,HIGH,CATTLE_ON_TRACK,915,975,60
22600,HWH,RAJDHANI,CLEAR,EVENING,TUESDAY,MEDIUM,NO,1396,1412,16
22328,MMCT,FREIGHT,CLEAR,AFTERNOON,TUESDAY,MEDIUM,NO,1398,1419,21
22982,NDLS,FREIGHT,RAIN,NIGHT,WEDNESDAY,MEDIUM,NO,1282,1315,33
11597,MMCT,MAIL_EXPRESS,CLEAR,MORNING,THURSDAY,LOW,NO,543,552,9
21232,BPL,RAJDHANI,RAIN,EVENING,FRIDAY,HIGH,CATTLE_ON_TRACK,625,710,85
20711,MTJ,FREIGHT,FOG,EVENING,MONDAY,CRITICAL,NO,695,808,113
25331,MMCT,SUPERFAST,FOG,EVENING,SUNDAY,HIGH,NO,607,667,60
18559,HWH,RAJDHANI,FOG,EVENING,THURSDAY,HIGH,NO,154,199,45
27701,HWH,RAJDHANI,FOG,MORNING,SATURDAY,MEDIUM,NO,76,106,30
15069,AGC,SUPERFAST,MONSOON_STORM,MORNING,THURSDAY,MEDIUM,NO,491,534,43
26466,GWL,SUPERFAST,RAIN,NIGHT,TUESDAY,MEDIUM,NO,973,1000,27
13902,NDLS,SUPERFAST,CLEAR,EVENING,SATURDAY,MEDIUM,NO,4,33,29
17952,HWH,SUPERFAST,MONSOON_STORM,EVENING,WEDNESDAY,CRITICAL,NO,608,732,124
18168,MTJ,MAIL_EXPRESS,MONSOON_STORM,NIGHT,THURSDAY,HIGH,NO,399,478,79
24223,JHS,RAJDHANI,CLEAR,AFTERNOON,FRIDAY,LOW,NO,810,813,3
20976,AGC,RAJDHANI,MONSOON_STORM,AFTERNOON,THURSDAY,CRITICAL,SIGNAL_FAILURE,843,957,114
25822,MTJ,MAIL_EXPRESS,MONSOON_STORM,NIGHT,SATURDAY,HIGH,NO,127,214,87
20629,NDLS,MAIL_EXPRESS,CLEAR,EVENING,THURSDAY,MEDIUM,NO,1188,1214,26
16419,MMCT,FREIGHT,FOG,EVENING,FRIDAY,HIGH,NO,1197,1264,67
14163,MTJ,MAIL_EXPRESS,MONSOON_STORM,EVENING,MONDAY,CRITICAL,NO,339,442,103
23761,JHS,RAJDHANI,RAIN,AFTERNOON,FRIDAY,LOW,NO,54,68,14
25192,GWL,FREIGHT,RAIN,NIGHT,THURSDAY,MEDIUM,NO,815,859,44
15892,AGC,SUPERFAST,MONSOON_STORM,AFTERNOON,SUNDAY,HIGH,NO,1346,1422,76
12244,BPL,SUPERFAST,FOG,AFTERNOON,THURSDAY,HIGH,NO,335,390,55
21045,GWL,FREIGHT,CLEAR,AFTERNOON,FRIDAY,MEDIUM,NO,1246,1262,16
17550,AGC,FREIGHT,FOG,NIGHT,MONDAY,HIGH,NO,490,546,56
11152,AGC,RAJDHANI,RAIN,AFTERNOON,WEDNESDAY,MEDIUM,NO,1030,1051,21
24919,MAS,SUPERFAST,FOG,MORNING,SATURDAY,MEDIUM,NO,865,902,37
18615,GWL,SUPERFAST,FOG,EVENING,WEDNESDAY,MEDIUM,NO,1096,1130,34
29385,HWH,FREIGHT,FOG,AFTERNOON,TUESDAY,HIGH,NO,686,737,51
22580,AGC,RAJDHANI,RAIN,MORNING,SUNDAY,HIGH,CATTLE_ON_TRACK,515,580,65
11655,MMCT,RAJDHANI,CLEAR,NIGHT,TUESDAY,LOW,NO,495,499,4
11351,GWL,RAJDHANI,FOG,AFTERNOON,SATURDAY,HIGH,NO,5,52,47
15060,MTJ,SUPERFAST,CLEAR,NIGHT,FRIDAY,MEDIUM,NO,187,202,15
11702,NDLS,RAJDHANI,CLEAR,NIGHT,THURSDAY,LOW,NO,910,915,5
12380,JHS,SUPERFAST,CLEAR,MORNING,WEDNESDAY,MEDIUM,NO,297,312,15
18663,NDLS,FREIGHT,MONSOON_STORM,EVENING,WEDNESDAY,CRITICAL,NO,921,1049,128
14676,AGC,RAJDHANI,RAIN,AFTERNOON,MONDAY,MEDIUM,NO,457,476,19
14215,JHS,FREIGHT,RAIN,MORNING,WEDNESDAY,MEDIUM,NO,906,943,37
28063,NDLS,SUPERFAST,RAIN,NIGHT,SATURDAY,MEDIUM,NO,391,412,21
27022,MMCT,FREIGHT,FOG,AFTERNOON,SATURDAY,HIGH,NO,1269,1322,53
14050,MTJ,FREIGHT,RAIN,MORNING,MONDAY,MEDIUM,NO,669,701,32
26139,AGC,MAIL_EXPRESS,MONSOON_STORM,NIGHT,SATURDAY,CRITICAL,NO,1237,1330,93
14644,MMCT,FREIGHT,CLEAR,EVENING,WEDNESDAY,HIGH,NO,25,71,46
11412,HWH,FREIGHT,RAIN,MORNING,SATURDAY,HIGH,NO,801,858,57
11792,MAS,RAJDHANI,FOG,MORNING,FRIDAY,MEDIUM,NO,1070,1105,35
15697,GWL,FREIGHT,MONSOON_STORM,AFTERNOON,WEDNESDAY,CRITICAL,NO,608,708,100
19796,MTJ,RAJDHANI,FOG,AFTERNOON,SATURDAY,HIGH,CATTLE_ON_TRACK,822,871,49
13238,MAS,RAJDHANI,MONSOON_STORM,AFTERNOON,SATURDAY,HIGH,NO,798,863,65
21354,HWH,RAJDHANI,RAIN,AFTERNOON,WEDNESDAY,MEDIUM,NO,1274,1294,20
24883,GWL,RAJDHANI,RAIN,AFTERNOON,FRIDAY,MEDIUM,NO,1342,1362,20
10380,MAS,SUPERFAST,FOG,AFTERNOON,MONDAY,MEDIUM,NO,534,572,38
27522,MMCT,RAJDHANI,FOG,AFTERNOON,TUESDAY,MEDIUM,NO,1303,1322,19
12171,MAS,SUPERFAST,FOG,NIGHT,THURSDAY,CRITICAL,SIGNAL_FAILURE,559,651,92
24666,MMCT,SUPERFAST,MONSOON_STORM,MORNING,THURSDAY,HIGH,NO,453,504,51
19952,BPL,RAJDHANI,CLEAR,NIGHT,TUESDAY,MEDIUM,CATTLE_ON_TRACK,129,156,27
28195,MTJ,MAIL_EXPRESS,FOG,MORNING,FRIDAY,HIGH,NO,1260,1305,45
25396,JHS,MAIL_EXPRESS,CLEAR,NIGHT,THURSDAY,HIGH,TRACK_MAINTENANCE,1123,1175,52
15002,MTJ,RAJDHANI,RAIN,EVENING,SATURDAY,MEDIUM,NO,959,986,27
26126,MAS,RAJDHANI,MONSOON_STORM,MORNING,FRIDAY,HIGH,NO,190,235,45
23488,AGC,SUPERFAST,CLEAR,EVENING,SUNDAY,HIGH,SIGNAL_FAILURE,1308,1390,82
16932,NDLS,SUPERFAST,CLEAR,EVENING,WEDNESDAY,HIGH,CATTLE_ON_TRACK,139,222,83
23715,MAS,SUPERFAST,CLEAR,EVENING,SATURDAY,MEDIUM,NO,869,906,37
28998,MMCT,MAIL_EXPRESS,MONSOON_STORM,MORNING,MONDAY,HIGH,NO,1261,1348,87
13287,JHS,FREIGHT,FOG,NIGHT,SUNDAY,HIGH,NO,352,431,79
18604,BPL,FREIGHT,CLEAR,AFTERNOON,THURSDAY,HIGH,SIGNAL_FAILURE,1142,1224,82
10185,MMCT,RAJDHANI,CLEAR,MORNING,TUESDAY,LOW,NO,494,498,4
27752,BPL,FREIGHT,MONSOON_STORM,AFTERNOON,TUESDAY,CRITICAL,NO,257,386,129
13287,MAS,MAIL_EXPRESS,FOG,NIGHT,FRIDAY,HIGH,NO,165,216,51
27077,MTJ,MAIL_EXPRESS,CLEAR,EVENING,TUESDAY,MEDIUM,NO,47,82,35
20452,JHS,RAJDHANI,MONSOON_STORM,AFTERNOON,SATURDAY,MEDIUM,NO,67,99,32
19383,MTJ,SUPERFAST,MONSOON_STORM,MORNING,SATURDAY,CRITICAL,NO,1120,1211,91
20880,MTJ,SUPERFAST,CLEAR,EVENING,TUESDAY,MEDIUM,NO,983,1010,27
25651,NDLS,FREIGHT,CLEAR,AFTERNOON,WEDNESDAY,MEDIUM,NO,851,888,37
18370,BPL,RAJDHANI,FOG,AFTERNOON,TUESDAY,MEDIUM,NO,267,309,42
20801,MMCT,MAIL_EXPRESS,RAIN,EVENING,SATURDAY,HIGH,NO,1230,1279,49
21405,MMCT,RAJDHANI,RAIN,MORNING,TUESDAY,MEDIUM,NO,1242,1265,23
23127,GWL,FREIGHT,FOG,MORNING,FRIDAY,HIGH,NO,976,1056,80
17824,MTJ,SUPERFAST,FOG,EVENING,MONDAY,HIGH,NO,1248,1328,80
11251,NDLS,RAJDHANI,CLEAR,NIGHT,FRIDAY,LOW,NO,186,186,0
17433,BPL,FREIGHT,MONSOON_STORM,MORNING,TUESDAY,HIGH,NO,222,297,75
25564,MTJ,SUPERFAST,MONSOON_STORM,AFTERNOON,SUNDAY,HIGH,NO,755,839,84
17699,MAS,FREIGHT,FOG,EVENING,SUNDAY,HIGH,NO,87,163,76
23692,GWL,RAJDHANI,MONSOON_STORM,NIGHT,SUNDAY,HIGH,NO,1197,1264,67
12882,AGC,SUPERFAST,MONSOON_STORM,MORNING,WEDNESDAY,HIGH,NO,171,230,59
16361,MMCT,RAJDHANI,RAIN,EVENING,FRIDAY,MEDIUM,NO,1327,1369,42
27795,MMCT,FREIGHT,FOG,AFTERNOON,TUESDAY,HIGH,NO,929,995,66
16862,HWH,FREIGHT,RAIN,NIGHT,WEDNESDAY,MEDIUM,NO,461,494,33
22061,NDLS,SUPERFAST,MONSOON_STORM,MORNING,WEDNESDAY,HIGH,NO,1169,1252,83
18546,AGC,SUPERFAST,CLEAR,MORNING,SUNDAY,HIGH,CATTLE_ON_TRACK,284,335,51
27045,MTJ,MAIL_EXPRESS,FOG,MORNING,SUNDAY,HIGH,NO,278,323,45
12703,NDLS,MAIL_EXPRESS,MONSOON_STORM,AFTERNOON,FRIDAY,HIGH,NO,790,860,70
25704,HWH,RAJDHANI,CLEAR,AFTERNOON,MONDAY,LOW,NO,808,808,0
26410,BPL,SUPERFAST,MONSOON_STORM,MORNING,SATURDAY,HIGH,NO,750,838,88
24892,BPL,SUPERFAST,CLEAR,AFTERNOON,SUNDAY,LOW,NO,474,480,6
12779,MTJ,FREIGHT,RAIN,NIGHT,FRIDAY,HIGH,CATTLE_ON_TRACK,483,559,76
23673,NDLS,SUPERFAST,RAIN,NIGHT,WEDNESDAY,LOW,NO,547,560,13
21620,AGC,FREIGHT,RAIN,EVENING,MONDAY,HIGH,NO,357,427,70
11123,MAS,RAJDHANI,RAIN,EVENING,THURSDAY,MEDIUM,NO,215,233,18
25486,BPL,MAIL_EXPRESS,FOG,EVENING,SUNDAY,HIGH,NO,482,552,70
28320,HWH,SUPERFAST,MONSOON_STORM,EVENING,SATURDAY,HIGH,NO,1057,1130,73
23841,AGC,SUPERFAST,CLEAR,EVENING,SATURDAY,MEDIUM,NO,798,814,16
13778,BPL,MAIL_EXPRESS,RAIN,EVENING,MONDAY,HIGH,NO,1150,1212,62
16518,MMCT,RAJDHANI,RAIN,MORNING,FRIDAY,LOW,NO,6,20,14
16345,AGC,FREIGHT,CLEAR,EVENING,THURSDAY,HIGH,CATTLE_ON_TRACK,1046,1122,76
22303,BPL,MAIL_EXPRESS,MONSOON_STORM,MORNING,SATURDAY,HIGH,NO,816,863,47
13004,GWL,SUPERFAST,RAIN,MORNING,SATURDAY,LOW,NO,1353,1366,13
22205,NDLS,MAIL_EXPRESS,MONSOON_STORM,EVENING,THURSDAY,CRITICAL,NO,1313,1415,102
16214,MTJ,RAJDHANI,CLEAR,NIGHT,TUESDAY,LOW,NO,442,443,1
12280,GWL,MAIL_EXPRESS,FOG,EVENING,WEDNESDAY,MEDIUM,NO,420,464,44
28322,GWL,MAIL_EXPRESS,RAIN,MORNING,SATURDAY,MEDIUM,NO,1261,1299,38
18519,GWL,SUPERFAST,FOG,AFTERNOON,WEDNESDAY,HIGH,NO,1334,1382,48
27074,JHS,MAIL_EXPRESS,MONSOON_STORM,EVENING,FRIDAY,HIGH,NO,953,1025,72
19393,MMCT,RAJDHANI,MONSOON_STORM,AFTERNOON,SUNDAY,HIGH,NO,678,756,78
28831,HWH,SUPERFAST,FOG,AFTERNOON,WEDNESDAY,MEDIUM,NO,1282,1316,34
27289,GWL,SUPERFAST,CLEAR,MORNING,WEDNESDAY,LOW,NO,611,620,9
16807,GWL,MAIL_EXPRESS,FOG,EVENING,SUNDAY,HIGH,NO,1190,1251,61
20189,BPL,FREIGHT,CLEAR,MORNING,THURSDAY,HIGH,TRACK_MAINTENANCE,922,991,69
11376,MAS,FREIGHT,CLEAR,AFTERNOON,SATURDAY,MEDIUM,NO,903,925,22
16860,GWL,MAIL_EXPRESS,MONSOON_STORM,NIGHT,FRIDAY,HIGH,NO,1281,1341,60
10981,AGC,FREIGHT,RAIN,NIGHT,THURSDAY,MEDIUM,NO,1262,1283,21
24192,AGC,MAIL_EXPRESS,FOG,EVENING,MONDAY,HIGH,NO,818,879,61
21646,MMCT,SUPERFAST,CLEAR,NIGHT,SATURDAY,LOW,NO,918,929,11
22946,MTJ,SUPERFAST,MONSOON_STORM,EVENING,SUNDAY,HIGH,NO,1358,1415,57
14891,NDLS,SUPERFAST,FOG,EVENING,SUNDAY,HIGH,NO,436,510,74
14303,AGC,SUPERFAST,CLEAR,AFTERNOON,MONDAY,LOW,NO,1093,1105,12
14009,MAS,SUPERFAST,CLEAR,NIGHT,SUNDAY,HIGH,SIGNAL_FAILURE,1345,1409,64
19644,HWH,FREIGHT,FOG,NIGHT,FRIDAY,MEDIUM,NO,1038,1073,35
27166,BPL,RAJDHANI,FOG,EVENING,SUNDAY,HIGH,CATTLE_ON_TRACK,1359,1447,88
19259,MMCT,RAJDHANI,CLEAR,EVENING,FRIDAY,MEDIUM,NO,1168,1183,15
25397,GWL,MAIL_EXPRESS,MONSOON_STORM,NIGHT,SUNDAY,CRITICAL,NO,1209,1321,112
28777,MTJ,SUPERFAST,MONSOON_STORM,NIGHT,THURSDAY,HIGH,NO,94,165,71
15367,NDLS,FREIGHT,FOG,EVENING,SUNDAY,CRITICAL,NO,1241,1348,107
26019,MTJ,SUPERFAST,RAIN,NIGHT,FRIDAY,MEDIUM,NO,133,153,20
26427,MAS,FREIGHT,MONSOON_STORM,EVENING,MONDAY,CRITICAL,NO,892,994,102
11878,NDLS,MAIL_EXPRESS,FOG,NIGHT,SATURDAY,MEDIUM,NO,1154,1193,39
29706,HWH,SUPERFAST,MONSOON_STORM,NIGHT,WEDNESDAY,HIGH,CATTLE_ON_TRACK,732,793,61
15001,MAS,FREIGHT,FOG,NIGHT,TUESDAY,HIGH,NO,452,516,64
12916,AGC,FREIGHT,RAIN,AFTERNOON,SUNDAY,HIGH,NO,597,666,69
26969,JHS,MAIL_EXPRESS,MONSOON_STORM,NIGHT,MONDAY,HIGH,NO,101,183,82
18029,MTJ,RAJDHANI,RAIN,EVENING,MONDAY,MEDIUM,NO,964,1000,36
17335,AGC,MAIL_EXPRESS,CLEAR,MORNING,FRIDAY,LOW,NO,1160,1166,6
20112,AGC,FREIGHT,MONSOON_STORM,NIGHT,TUESDAY,CRITICAL,CATTLE_ON_TRACK,1349,1519,170
17258,JHS,MAIL_EXPRESS,CLEAR,NIGHT,WEDNESDAY,HIGH,TRACK_MAINTENANCE,93,143,50
16371,MAS,RAJDHANI,FOG,EVENING,FRIDAY,HIGH,NO,629,690,61
19588,JHS,FREIGHT,FOG,EVENING,FRIDAY,HIGH,NO,1151,1240,89
10422,GWL,MAIL_EXPRESS,MONSOON_STORM,EVENING,WEDNESDAY,CRITICAL,NO,150,253,103
17962,BPL,FREIGHT,CLEAR,NIGHT,FRIDAY,LOW,NO,317,329,12
15796,AGC,FREIGHT,MONSOON_STORM,AFTERNOON,SUNDAY,HIGH,NO,385,458,73
28418,JHS,SUPERFAST,FOG,EVENING,FRIDAY,HIGH,NO,560,623,63
27859,NDLS,RAJDHANI,CLEAR,MORNING,THURSDAY,LOW,NO,67,72,5
16108,MTJ,MAIL_EXPRESS,RAIN,MORNING,SATURDAY,MEDIUM,NO,1293,1313,20
19446,HWH,RAJDHANI,FOG,EVENING,SUNDAY,MEDIUM,NO,1334,1368,34
14695,MMCT,RAJDHANI,RAIN,MORNING,TUESDAY,LOW,NO,968,980,12
18782,MAS,SUPERFAST,CLEAR,AFTERNOON,THURSDAY,MEDIUM,NO,213,228,15
25812,NDLS,MAIL_EXPRESS,CLEAR,NIGHT,MONDAY,MEDIUM,NO,647,670,23
18112,GWL,FREIGHT,RAIN,AFTERNOON,FRIDAY,HIGH,NO,257,326,69
16641,MMCT,MAIL_EXPRESS,MONSOON_STORM,NIGHT,SATURDAY,HIGH,NO,706,783,77
23379,NDLS,MAIL_EXPRESS,MONSOON_STORM,EVENING,MONDAY,CRITICAL,NO,1181,1297,116
12037,JHS,MAIL_EXPRESS,CLEAR,MORNING,FRIDAY,MEDIUM,NO,789,819,30
23231,MAS,SUPERFAST,FOG,NIGHT,SATURDAY,MEDIUM,NO,774,798,24
13864,GWL,MAIL_EXPRESS,FOG,MORNING,FRIDAY,MEDIUM,NO,1296,1333,37
20137,MAS,MAIL_EXPRESS,RAIN,EVENING,TUESDAY,MEDIUM,NO,1135,1177,42
26214,MTJ,RAJDHANI,CLEAR,EVENING,TUESDAY,MEDIUM,NO,1156,1179,23
27191,MMCT,SUPERFAST,FOG,AFTERNOON,MONDAY,HIGH,NO,212,260,48
16309,JHS,FREIGHT,CLEAR,MORNING,SATURDAY,MEDIUM,NO,173,211,38
26564,JHS,SUPERFAST,CLEAR,MORNING,MONDAY,LOW,NO,978,983,5
21171,BPL,SUPERFAST,CLEAR,EVENING,SUNDAY,MEDIUM,NO,1392,1413,21
20443,AGC,MAIL_EXPRESS,CLEAR,EVENING,THURSDAY,CRITICAL,SIGNAL_FAILURE,976,1071,95
15604,MAS,FREIGHT,MONSOON_STORM,NIGHT,SUNDAY,CRITICAL,NO,1176,1288,112
27706,MAS,SUPERFAST,MONSOON_STORM,MORNING,SUNDAY,HIGH,NO,635,686,51
17859,HWH,MAIL_EXPRESS,FOG,MORNING,WEDNESDAY,HIGH,NO,646,697,51
29557,NDLS,RAJDHANI,MONSOON_STORM,NIGHT,SATURDAY,HIGH,NO,80,133,53
26655,AGC,SUPERFAST,MONSOON_STORM,MORNING,MONDAY,HIGH,NO,1280,1360,80
14227,MTJ,SUPERFAST,CLEAR,AFTERNOON,SATURDAY,LOW,NO,191,194,3
23004,MTJ,SUPERFAST,RAIN,NIGHT,WEDNESDAY,MEDIUM,NO,132,167,35
15795,NDLS,RAJDHANI,CLEAR,NIGHT,TUESDAY,LOW,NO,443,447,4
12600,HWH,FREIGHT,FOG,MORNING,WEDNESDAY,HIGH,NO,1175,1250,75
20690,HWH,RAJDHANI,RAIN,NIGHT,THURSDAY,MEDIUM,NO,418,439,21
18599,JHS,MAIL_EXPRESS,MONSOON_STORM,AFTERNOON,SUNDAY,HIGH,NO,771,842,71
22071,BPL,SUPERFAST,MONSOON_STORM,MORNING,WEDNESDAY,CRITICAL,CATTLE_ON_TRACK,1160,1291,131
13044,NDLS,MAIL_EXPRESS,MONSOON_STORM,MORNING,TUESDAY,HIGH,NO,485,549,64
14795,JHS,MAIL_EXPRESS,CLEAR,AFTERNOON,SATURDAY,LOW,NO,1027,1032,5
23416,GWL,MAIL_EXPRESS,FOG,EVENING,THURSDAY,HIGH,CATTLE_ON_TRACK,178,261,83
24887,BPL,RAJDHANI,RAIN,MORNING,TUESDAY,MEDIUM,NO,326,345,19
19233,MAS,RAJDHANI,RAIN,EVENING,SUNDAY,HIGH,SIGNAL_FAILURE,170,232,62
16009,NDLS,SUPERFAST,MONSOON_STORM,NIGHT,TUESDAY,HIGH,NO,721,767,46
19139,MMCT,FREIGHT,CLEAR,MORNING,MONDAY,HIGH,SIGNAL_FAILURE,1126,1179,53
10953,BPL,RAJDHANI,RAIN,AFTERNOON,FRIDAY,MEDIUM,NO,1252,1267,15
13891,JHS,MAIL_EXPRESS,FOG,AFTERNOON,FRIDAY,HIGH,NO,419,464,45
26703,MMCT,MAIL_EXPRESS,MONSOON_STORM,MORNING,THURSDAY,HIGH,NO,1335,1396,61
16283,BPL,RAJDHANI,RAIN,NIGHT,MONDAY,MEDIUM,NO,510,530,20
18802,NDLS,SUPERFAST,RAIN,MORNING,TUESDAY,HIGH,TRACK_MAINTENANCE,969,1022,53
14094,MAS,FREIGHT,FOG,EVENING,MONDAY,CRITICAL,TRACK_MAINTENANCE,1105,1221,116
14223,AGC,RAJDHANI,RAIN,AFTERNOON,TUESDAY,MEDIUM,NO,406,429,23
15959,AGC,SUPERFAST,CLEAR,AFTERNOON,TUESDAY,HIGH,CATTLE_ON_TRACK,486,541,55
22481,MTJ,MAIL_EXPRESS,RAIN,NIGHT,FRIDAY,MEDIUM,NO,1098,1128,30
16701,BPL,RAJDHANI,MONSOON_STORM,NIGHT,SATURDAY,HIGH,NO,101,168,67
11342,MTJ,SUPERFAST,FOG,NIGHT,WEDNESDAY,CRITICAL,TRACK_MAINTENANCE,565,655,90
12430,JHS,SUPERFAST,FOG,MORNING,WEDNESDAY,MEDIUM,NO,376,409,33
25638,JHS,FREIGHT,CLEAR,NIGHT,MONDAY,LOW,NO,206,220,14
23398,HWH,FREIGHT,CLEAR,NIGHT,SATURDAY,MEDIUM,CATTLE_ON_TRACK,587,627,40
14741,MTJ,MAIL_EXPRESS,CLEAR,MORNING,THURSDAY,HIGH,TRACK_MAINTENANCE,1312,1357,45
19510,MMCT,SUPERFAST,CLEAR,AFTERNOON,MONDAY,LOW,NO,1072,1082,10
20863,BPL,RAJDHANI,CLEAR,EVENING,THURSDAY,MEDIUM,NO,817,832,15
28621,GWL,SUPERFAST,RAIN,EVENING,THURSDAY,MEDIUM,NO,301,342,41
22299,GWL,MAIL_EXPRESS,FOG,EVENING,FRIDAY,HIGH,NO,1258,1341,83
16311,MMCT,MAIL_EXPRESS,FOG,NIGHT,TUESDAY,HIGH,NO,75,127,52
10234,MTJ,SUPERFAST,MONSOON_STORM,EVENING,FRIDAY,HIGH,NO,484,543,59
19731,JHS,FREIGHT,FOG,MORNING,FRIDAY,HIGH,SIGNAL_FAILURE,939,1020,81
14011,MMCT,MAIL_EXPRESS,CLEAR,NIGHT,THURSDAY,HIGH,SIGNAL_FAILURE,651,728,77
24826,GWL,RAJDHANI,FOG,EVENING,MONDAY,MEDIUM,NO,247,284,37
21621,GWL,SUPERFAST,MONSOON_STORM,MORNING,SUNDAY,CRITICAL,NO,442,535,93
19592,AGC,SUPERFAST,RAIN,EVENING,THURSDAY,MEDIUM,NO,71,108,37
26677,GWL,FREIGHT,CLEAR,EVENING,WEDNESDAY,MEDIUM,NO,195,229,34
15177,NDLS,MAIL_EXPRESS,MONSOON_STORM,MORNING,MONDAY,CRITICAL,CATTLE_ON_TRACK,1117,1241,124
18512,MMCT,MAIL_EXPRESS,FOG,AFTERNOON,FRIDAY,HIGH,NO,1183,1233,50
10147,NDLS,SUPERFAST,RAIN,AFTERNOON,SUNDAY,MEDIUM,NO,131,161,30
10775,MMCT,FREIGHT,FOG,EVENING,SATURDAY,CRITICAL,TRACK_MAINTENANCE,1391,1547,156
17318,NDLS,FREIGHT,FOG,AFTERNOON,SUNDAY,HIGH,NO,550,605,55
29309,MTJ,MAIL_EXPRESS,FOG,NIGHT,SUNDAY,HIGH,NO,1114,1164,50
22306,BPL,RAJDHANI,CLEAR,NIGHT,WEDNESDAY,LOW,NO,411,411,0
10028,BPL,RAJDHANI,RAIN,EVENING,TUESDAY,MEDIUM,NO,909,951,42
25617,AGC,RAJDHANI,CLEAR,MORNING,WEDNESDAY,LOW,NO,35,37,2
13529,AGC,FREIGHT,CLEAR,NIGHT,SATURDAY,MEDIUM,NO,926,955,29
27885,NDLS,FREIGHT,MONSOON_STORM,NIGHT,TUESDAY,HIGH,NO,868,945,77
15769,BPL,MAIL_EXPRESS,FOG,AFTERNOON,SATURDAY,HIGH,NO,632,678,46
16315,GWL,FREIGHT,RAIN,NIGHT,FRIDAY,HIGH,NO,1209,1256,47
25230,MMCT,FREIGHT,RAIN,EVENING,WEDNESDAY,HIGH,NO,1396,1455,59
23102,AGC,SUPERFAST,MONSOON_STORM,NIGHT,SUNDAY,MEDIUM,NO,1380,1416,36
21543,JHS,RAJDHANI,RAIN,MORNING,THURSDAY,LOW,NO,1228,1234,6
27264,AGC,MAIL_EXPRESS,CLEAR,EVENING,THURSDAY,CRITICAL,TRACK_MAINTENANCE,1301,1400,99
18468,GWL,SUPERFAST,CLEAR,AFTERNOON,SATURDAY,LOW,NO,48,55,7
22437,MTJ,FREIGHT,MONSOON_STORM,MORNING,WEDNESDAY,HIGH,NO,1050,1137,87
16424,NDLS,FREIGHT,MONSOON_STORM,EVENING,FRIDAY,CRITICAL,NO,940,1084,144
11040,GWL,FREIGHT,MONSOON_STORM,AFTERNOON,SATURDAY,CRITICAL,SIGNAL_FAILURE,722,876,154
10616,BPL,MAIL_EXPRESS,CLEAR,AFTERNOON,THURSDAY,LOW,NO,265,274,9
12512,AGC,FREIGHT,CLEAR,MORNING,SATURDAY,MEDIUM,NO,881,903,22
15741,BPL,MAIL_EXPRESS,MONSOON_STORM,EVENING,FRIDAY,CRITICAL,NO,755,847,92
14085,BPL,SUPERFAST,RAIN,AFTERNOON,THURSDAY,MEDIUM,NO,209,229,20
13603,MMCT,RAJDHANI,FOG,AFTERNOON,MONDAY,HIGH,NO,884,931,47
15819,MAS,MAIL_EXPRESS,RAIN,NIGHT,THURSDAY,MEDIUM,NO,106,128,22
24384,HWH,FREIGHT,RAIN,NIGHT,WEDNESDAY,MEDIUM,NO,773,816,43
28422,BPL,SUPERFAST,FOG,AFTERNOON,SUNDAY,HIGH,TRACK_MAINTENANCE,727,785,58
27853,NDLS,FREIGHT,CLEAR,NIGHT,FRIDAY,HIGH,SIGNAL_FAILURE,932,1003,71
13615,JHS,FREIGHT,MONSOON_STORM,EVENING,WEDNESDAY,CRITICAL,NO,276,398,122
26186,BPL,FREIGHT,MONSOON_STORM,MORNING,FRIDAY,CRITICAL,CATTLE_ON_TRACK,763,875,112
23800,AGC,RAJDHANI,RAIN,EVENING,THURSDAY,MEDIUM,NO,250,288,38
16728,GWL,FREIGHT,RAIN,MORNING,SUNDAY,MEDIUM,NO,883,916,33
20274,MMCT,RAJDHANI,CLEAR,EVENING,SATURDAY,MEDIUM,SIGNAL_FAILURE,433,474,41
20971,HWH,MAIL_EXPRESS,RAIN,AFTERNOON,FRIDAY,MEDIUM,NO,339,367,28
29017,JHS,MAIL_EXPRESS,CLEAR,EVENING,WEDNESDAY,MEDIUM,NO,1319,1338,19
20308,AGC,MAIL_EXPRESS,CLEAR,EVENING,THURSDAY,MEDIUM,NO,253,282,29
15985,MMCT,FREIGHT,RAIN,AFTERNOON,FRIDAY,CRITICAL,TRACK_MAINTENANCE,812,909,97
25809,BPL,SUPERFAST,CLEAR,NIGHT,WEDNESDAY,LOW,NO,1144,1147,3
14889,HWH,SUPERFAST,FOG,AFTERNOON,SATURDAY,MEDIUM,NO,1057,1088,31
13216,NDLS,FREIGHT,RAIN,NIGHT,TUESDAY,HIGH,NO,665,718,53
27587,AGC,FREIGHT,MONSOON_STORM,AFTERNOON,FRIDAY,CRITICAL,CATTLE_ON_TRACK,28,144,116
11012,MMCT,FREIGHT,MONSOON_STORM,MORNING,WEDNESDAY,HIGH,NO,1043,1112,69
17644,MAS,FREIGHT,FOG,NIGHT,FRIDAY,MEDIUM,NO,175,219,44
18900,MAS,SUPERFAST,RAIN,EVENING,FRIDAY,MEDIUM,NO,506,542,36
21610,HWH,FREIGHT,MONSOON_STORM,EVENING,SATURDAY,CRITICAL,NO,557,658,101
23667,JHS,RAJDHANI,RAIN,NIGHT,SUNDAY,MEDIUM,NO,1007,1027,20
20032,MAS,RAJDHANI,RAIN,AFTERNOON,TUESDAY,LOW,NO,1121,1133,12
24768,MTJ,MAIL_EXPRESS,RAIN,MORNING,MONDAY,MEDIUM,NO,884,921,37
25651,AGC,SUPERFAST,RAIN,NIGHT,MONDAY,LOW,NO,511,525,14
21957,MMCT,MAIL_EXPRESS,CLEAR,EVENING,THURSDAY,MEDIUM,NO,343,372,29
29896,GWL,MAIL_EXPRESS,RAIN,NIGHT,WEDNESDAY,MEDIUM,NO,828,871,43
11027,NDLS,RAJDHANI,MONSOON_STORM,MORNING,SUNDAY,CRITICAL,TRACK_MAINTENANCE,1125,1265,140
13974,MTJ,FREIGHT,RAIN,EVENING,MONDAY,HIGH,NO,1381,1446,65
24799,NDLS,RAJDHANI,MONSOON_STORM,NIGHT,THURSDAY,HIGH,NO,354,414,60
21861,JHS,FREIGHT,CLEAR,NIGHT,SUNDAY,LOW,NO,541,555,14
24245,BPL,SUPERFAST,MONSOON_STORM,AFTERNOON,MONDAY,HIGH,NO,491,537,46
22934,NDLS,MAIL_EXPRESS,FOG,MORNING,THURSDAY,HIGH,NO,369,430,61
21263,JHS,MAIL_EXPRESS,CLEAR,MORNING,FRIDAY,MEDIUM,NO,1195,1219,24
26402,JHS,SUPERFAST,CLEAR,MORNING,FRIDAY,MEDIUM,SIGNAL_FAILURE,227,264,37
17848,MTJ,RAJDHANI,RAIN,NIGHT,WEDNESDAY,MEDIUM,NO,1199,1218,19
22057,JHS,SUPERFAST,FOG,MORNING,TUESDAY,MEDIUM,NO,1147,1188,41
29402,BPL,RAJDHANI,FOG,AFTERNOON,WEDNESDAY,MEDIUM,NO,1243,1274,31
18725,AGC,MAIL_EXPRESS,FOG,EVENING,SATURDAY,MEDIUM,NO,481,525,44
28178,MTJ,RAJDHANI,MONSOON_STORM,NIGHT,MONDAY,HIGH,NO,311,375,64
23674,GWL,MAIL_EXPRESS,FOG,EVENING,SUNDAY,HIGH,NO,646,728,82
27748,MTJ,FREIGHT,MONSOON_STORM,EVENING,FRIDAY,CRITICAL,NO,1172,1311,139
13326,JHS,SUPERFAST,RAIN,AFTERNOON,FRIDAY,MEDIUM,NO,1276,1297,21
23916,MAS,MAIL_EXPRESS,RAIN,NIGHT,SUNDAY,MEDIUM,NO,1173,1192,19
28038,MTJ,RAJDHANI,FOG,AFTERNOON,THURSDAY,HIGH,TRACK_MAINTENANCE,919,965,46
23402,AGC,SUPERFAST,MONSOON_STORM,AFTERNOON,WEDNESDAY,HIGH,SIGNAL_FAILURE,565,638,73
22064,AGC,FREIGHT,MONSOON_STORM,MORNING,SUNDAY,CRITICAL,NO,487,592,105
14932,JHS,RAJDHANI,FOG,EVENING,FRIDAY,HIGH,NO,1249,1299,50
14594,MMCT,RAJDHANI,CLEAR,MORNING,MONDAY,LOW,NO,1016,1019,3
14205,GWL,MAIL_EXPRESS,RAIN,EVENING,TUESDAY,HIGH,NO,607,652,45
12383,GWL,SUPERFAST,FOG,MORNING,MONDAY,CRITICAL,TRACK_MAINTENANCE,1283,1373,90
20809,GWL,MAIL_EXPRESS,FOG,EVENING,WEDNESDAY,HIGH,NO,896,970,74
11095,AGC,RAJDHANI,RAIN,MORNING,FRIDAY,LOW,NO,1109,1118,9
18300,MAS,RAJDHANI,FOG,NIGHT,SUNDAY,HIGH,SIGNAL_FAILURE,1341,1420,79
20829,MMCT,FREIGHT,CLEAR,AFTERNOON,SUNDAY,MEDIUM,NO,402,437,35
22940,AGC,MAIL_EXPRESS,CLEAR,MORNING,WEDNESDAY,MEDIUM,NO,6,33,27
28295,NDLS,FREIGHT,CLEAR,EVENING,THURSDAY,HIGH,NO,894,942,48
19446,HWH,RAJDHANI,FOG,NIGHT,SUNDAY,HIGH,NO,1155,1200,45
12972,HWH,RAJDHANI,FOG,NIGHT,SUNDAY,HIGH,TRACK_MAINTENANCE,270,352,82
27855,MAS,MAIL_EXPRESS,RAIN,MORNING,SATURDAY,MEDIUM,NO,1222,1248,26
13057,NDLS,FREIGHT,MONSOON_STORM,AFTERNOON,FRIDAY,HIGH,NO,311,390,79
16403,HWH,FREIGHT,RAIN,NIGHT,MONDAY,MEDIUM,NO,915,957,42
23192,MTJ,RAJDHANI,CLEAR,MORNING,TUESDAY,MEDIUM,SIGNAL_FAILURE,1077,1118,41
22141,BPL,RAJDHANI,FOG,EVENING,SUNDAY,HIGH,NO,152,200,48
22868,HWH,SUPERFAST,RAIN,EVENING,SATURDAY,MEDIUM,NO,733,764,31
28174,HWH,RAJDHANI,MONSOON_STORM,NIGHT,WEDNESDAY,HIGH,NO,38,84,46
17932,BPL,MAIL_EXPRESS,FOG,MORNING,WEDNESDAY,HIGH,NO,579,629,50
29187,JHS,MAIL_EXPRESS,FOG,AFTERNOON,THURSDAY,MEDIUM,NO,876,915,39
11777,GWL,MAIL_EXPRESS,RAIN,MORNING,WEDNESDAY,MEDIUM,NO,167,189,22
11314,GWL,FREIGHT,CLEAR,NIGHT,SATURDAY,MEDIUM,NO,617,660,43
14038,MMCT,RAJDHANI,CLEAR,EVENING,THURSDAY,MEDIUM,NO,879,897,18
18208,NDLS,SUPERFAST,RAIN,MORNING,SATURDAY,MEDIUM,NO,802,817,15
10874,BPL,FREIGHT,FOG,NIGHT,THURSDAY,HIGH,NO,910,957,47
20372,AGC,MAIL_EXPRESS,RAIN,NIGHT,THURSDAY,MEDIUM,NO,1387,1408,21
24879,BPL,SUPERFAST,MONSOON_STORM,NIGHT,TUESDAY,HIGH,NO,1366,1412,46
27290,MMCT,FREIGHT,MONSOON_STORM,MORNING,SATURDAY,HIGH,NO,944,1014,70
17484,MTJ,FREIGHT,RAIN,NIGHT,TUESDAY,MEDIUM,NO,70,111,41
16391,NDLS,MAIL_EXPRESS,CLEAR,EVENING,TUESDAY,HIGH,TRACK_MAINTENANCE,684,761,77
23424,JHS,FREIGHT,FOG,AFTERNOON,MONDAY,HIGH,NO,169,254,85
29695,AGC,SUPERFAST,MONSOON_STORM,MORNING,FRIDAY,HIGH,NO,96,174,78
29102,MTJ,FREIGHT,CLEAR,EVENING,SUNDAY,MEDIUM,NO,717,750,33
27689,NDLS,FREIGHT,CLEAR,EVENING,THURSDAY,HIGH,NO,793,839,46
15419,GWL,MAIL_EXPRESS,RAIN,NIGHT,MONDAY,HIGH,CATTLE_ON_TRACK,836,905,69
23083,AGC,MAIL_EXPRESS,MONSOON_STORM,NIGHT,TUESDAY,HIGH,NO,1367,1423,56
21254,HWH,MAIL_EXPRESS,CLEAR,EVENING,SATURDAY,HIGH,NO,1134,1187,53
25860,BPL,SUPERFAST,CLEAR,MORNING,TUESDAY,LOW,NO,1361,1369,8
27961,NDLS,MAIL_EXPRESS,FOG,NIGHT,WEDNESDAY,HIGH,NO,688,739,51
28656,GWL,SUPERFAST,FOG,NIGHT,WEDNESDAY,HIGH,TRACK_MAINTENANCE,1366,1433,67
28555,MTJ,RAJDHANI,RAIN,MORNING,THURSDAY,HIGH,TRACK_MAINTENANCE,218,283,65
16451,BPL,SUPERFAST,RAIN,EVENING,SATURDAY,MEDIUM,NO,362,394,32
18075,MTJ,SUPERFAST,MONSOON_STORM,EVENING,WEDNESDAY,CRITICAL,NO,1155,1269,114
11172,AGC,RAJDHANI,FOG,AFTERNOON,THURSDAY,MEDIUM,NO,1067,1090,23
22206,JHS,MAIL_EXPRESS,MONSOON_STORM,NIGHT,MONDAY,HIGH,NO,436,515,79
15229,BPL,RAJDHANI,MONSOON_STORM,EVENING,WEDNESDAY,HIGH,NO,933,1011,78
21305,NDLS,MAIL_EXPRESS,FOG,AFTERNOON,SUNDAY,HIGH,CATTLE_ON_TRACK,910,999,89
20303,AGC,RAJDHANI,MONSOON_STORM,MORNING,THURSDAY,HIGH,NO,558,645,87
10832,MTJ,FREIGHT,MONSOON_STORM,EVENING,TUESDAY,HIGH,NO,1061,1143,82
14864,GWL,FREIGHT,RAIN,AFTERNOON,THURSDAY,HIGH,SIGNAL_FAILURE,833,913,80
17239,HWH,RAJDHANI,CLEAR,EVENING,THURSDAY,MEDIUM,NO,50,69,19
21204,JHS,SUPERFAST,FOG,MORNING,SUNDAY,MEDIUM,NO,766,802,36
14775,AGC,SUPERFAST,MONSOON_STORM,EVENING,TUESDAY,HIGH,NO,194,279,85
11373,AGC,MAIL_EXPRESS,CLEAR,EVENING,THURSDAY,MEDIUM,NO,645,680,35
14281,MMCT,MAIL_EXPRESS,CLEAR,NIGHT,WEDNESDAY,MEDIUM,NO,1083,1111,28
22785,MMCT,SUPERFAST,MONSOON_STORM,MORNING,MONDAY,CRITICAL,NO,1144,1239,95
20765,JHS,FREIGHT,FOG,MORNING,SATURDAY,HIGH,NO,1043,1103,60
21643,HWH,SUPERFAST,RAIN,AFTERNOON,MONDAY,MEDIUM,NO,1099,1132,33
27453,MAS,MAIL_EXPRESS,CLEAR,MORNING,THURSDAY,MEDIUM,NO,162,181,19
25037,MAS,FREIGHT,FOG,AFTERNOON,SUNDAY,HIGH,NO,893,953,60
13620,MAS,SUPERFAST,FOG,EVENING,THURSDAY,MEDIUM,NO,800,844,44
28561,JHS,FREIGHT,CLEAR,MORNING,THURSDAY,MEDIUM,TRACK_MAINTENANCE,996,1038,42
17223,NDLS,SUPERFAST,FOG,NIGHT,SUNDAY,MEDIUM,NO,446,478,32
19801,GWL,RAJDHANI,RAIN,MORNING,TUESDAY,LOW,NO,632,644,12
21211,MAS,RAJDHANI,RAIN,EVENING,WEDNESDAY,MEDIUM,NO,624,657,33
18000,NDLS,SUPERFAST,FOG,AFTERNOON,TUESDAY,MEDIUM,NO,1248,1289,41
27985,MMCT,SUPERFAST,RAIN,AFTERNOON,SUNDAY,MEDIUM,NO,513,545,32
20937,AGC,SUPERFAST,CLEAR,AFTERNOON,MONDAY,LOW,NO,1143,1147,4
11800,AGC,SUPERFAST,FOG,MORNING,TUESDAY,HIGH,TRACK_MAINTENANCE,365,426,61
14384,MTJ,RAJDHANI,MONSOON_STORM,EVENING,SATURDAY,CRITICAL,NO,90,192,102
11732,JHS,SUPERFAST,CLEAR,NIGHT,MONDAY,LOW,NO,446,449,3
20193,GWL,FREIGHT,RAIN,NIGHT,FRIDAY,HIGH,SIGNAL_FAILURE,557,620,63
13927,JHS,MAIL_EXPRESS,CLEAR,MORNING,THURSDAY,MEDIUM,CATTLE_ON_TRACK,467,511,44
27702,MAS,FREIGHT,FOG,AFTERNOON,SATURDAY,HIGH,NO,640,689,49
14238,AGC,FREIGHT,FOG,NIGHT,FRIDAY,HIGH,NO,786,865,79
14358,MAS,MAIL_EXPRESS,CLEAR,NIGHT,SATURDAY,HIGH,CATTLE_ON_TRACK,292,358,66
28354,MMCT,MAIL_EXPRESS,CLEAR,NIGHT,SATURDAY,LOW,NO,107,115,8
28409,MAS,RAJDHANI,RAIN,NIGHT,SATURDAY,MEDIUM,NO,1208,1229,21
24589,BPL,RAJDHANI,RAIN,MORNING,SATURDAY,LOW,NO,1390,1398,8
24716,AGC,RAJDHANI,MONSOON_STORM,NIGHT,SUNDAY,MEDIUM,NO,387,426,39
25254,MMCT,FREIGHT,FOG,NIGHT,SATURDAY,CRITICAL,NO,849,943,94
27050,MAS,FREIGHT,CLEAR,EVENING,MONDAY,HIGH,NO,938,997,59
11321,NDLS,FREIGHT,MONSOON_STORM,EVENING,TUESDAY,CRITICAL,NO,649,764,115
10453,AGC,FREIGHT,CLEAR,NIGHT,WEDNESDAY,MEDIUM,NO,1352,1375,23
27493,NDLS,SUPERFAST,MONSOON_STORM,AFTERNOON,THURSDAY,HIGH,NO,231,278,47
19998,MTJ,MAIL_EXPRESS,MONSOON_STORM,AFTERNOON,MONDAY,CRITICAL,NO,191,286,95
22124,NDLS,SUPERFAST,FOG,EVENING,FRIDAY,HIGH,NO,255,304,49
15244,BPL,FREIGHT,CLEAR,AFTERNOON,SUNDAY,MEDIUM,NO,779,815,36
18941,HWH,RAJDHANI,CLEAR,NIGHT,TUESDAY,HIGH,TRACK_MAINTENANCE,818,867,49
11487,HWH,RAJDHANI,CLEAR,AFTERNOON,WEDNESDAY,LOW,NO,382,383,1
14096,JHS,MAIL_EXPRESS,CLEAR,MORNING,SUNDAY,LOW,NO,1176,1186,10
17768,MTJ,RAJDHANI,FOG,AFTERNOON,SUNDAY,MEDIUM,NO,1109,1150,41
15715,JHS,FREIGHT,RAIN,NIGHT,TUESDAY,HIGH,NO,1150,1212,62
17232,JHS,RAJDHANI,FOG,AFTERNOON,SATURDAY,MEDIUM,NO,275,296,21
15744,JHS,SUPERFAST,RAIN,NIGHT,SATURDAY,MEDIUM,NO,66,87,21
10548,NDLS,MAIL_EXPRESS,CLEAR,AFTERNOON,THURSDAY,MEDIUM,NO,628,657,29
26756,BPL,SUPERFAST,MONSOON_STORM,NIGHT,TUESDAY,CRITICAL,NO,668,762,94
26538,MTJ,FREIGHT,FOG,MORNING,SATURDAY,HIGH,NO,891,967,76
20855,MMCT,MAIL_EXPRESS,MONSOON_STORM,AFTERNOON,FRIDAY,CRITICAL,NO,1133,1225,92
10554,BPL,RAJDHANI,MONSOON_STORM,AFTERNOON,THURSDAY,HIGH,NO,1331,1391,60
21267,BPL,SUPERFAST,FOG,NIGHT,WEDNESDAY,MEDIUM,NO,518,560,42
15227,GWL,RAJDHANI,FOG,MORNING,TUESDAY,MEDIUM,NO,549,587,38
17183,BPL,RAJDHANI,RAIN,NIGHT,FRIDAY,LOW,NO,423,432,9
20709,MAS,FREIGHT,FOG,MORNING,SUNDAY,MEDIUM,NO,513,556,43
13332,MTJ,FREIGHT,FOG,EVENING,WEDNESDAY,HIGH,NO,364,433,69
15108,NDLS,MAIL_EXPRESS,MONSOON_STORM,AFTERNOON,SATURDAY,HIGH,NO,583,656,73
13810,MAS,MAIL_EXPRESS,CLEAR,AFTERNOON,TUESDAY,LOW,NO,547,560,13
14455,AGC,RAJDHANI,RAIN,AFTERNOON,MONDAY,LOW,NO,784,790,6
13697,MTJ,RAJDHANI,RAIN,AFTERNOON,SATURDAY,LOW,NO,748,759,11
27332,MAS,FREIGHT,MONSOON_STORM,NIGHT,SATURDAY,CRITICAL,NO,564,660,96
14556,GWL,RAJDHANI,RAIN,AFTERNOON,TUESDAY,LOW,NO,394,407,13
25078,JHS,RAJDHANI,CLEAR,AFTERNOON,FRIDAY,LOW,NO,671,673,2
19213,JHS,RAJDHANI,CLEAR,AFTERNOON,FRIDAY,MEDIUM,SIGNAL_FAILURE,584,609,25
12261,MMCT,RAJDHANI,CLEAR,NIGHT,THURSDAY,LOW,NO,1146,1148,2
17976,MTJ,MAIL_EXPRESS,MONSOON_STORM,MORNING,MONDAY,CRITICAL,NO,1006,1099,93
16394,MMCT,FREIGHT,RAIN,NIGHT,WEDNESDAY,CRITICAL,CATTLE_ON_TRACK,651,760,109
10561,BPL,SUPERFAST,MONSOON_STORM,MORNING,SATURDAY,CRITICAL,TRACK_MAINTENANCE,530,657,127
15660,JHS,SUPERFAST,CLEAR,AFTERNOON,MONDAY,LOW,NO,456,465,9
24664,NDLS,FREIGHT,FOG,NIGHT,THURSDAY,HIGH,NO,921,994,73
27220,HWH,MAIL_EXPRESS,RAIN,MORNING,FRIDAY,MEDIUM,NO,1342,1359,17
10360,BPL,RAJDHANI,MONSOON_STORM,NIGHT,SATURDAY,CRITICAL,CATTLE_ON_TRACK,1057,1160,103
11797,BPL,MAIL_EXPRESS,MONSOON_STORM,AFTERNOON,SATURDAY,CRITICAL,NO,520,617,97
17146,MAS,FREIGHT,FOG,MORNING,SATURDAY,HIGH,NO,627,674,47
21606,JHS,MAIL_EXPRESS,FOG,AFTERNOON,FRIDAY,HIGH,NO,1329,1392,63
18238,NDLS,SUPERFAST,MONSOON_STORM,AFTERNOON,FRIDAY,CRITICAL,TRACK_MAINTENANCE,370,484,114
17803,MTJ,MAIL_EXPRESS,CLEAR,AFTERNOON,MONDAY,MEDIUM,NO,1104,1127,23
15848,GWL,FREIGHT,FOG,AFTERNOON,MONDAY,HIGH,NO,574,653,79
26234,HWH,SUPERFAST,CLEAR,NIGHT,FRIDAY,LOW,NO,1305,1310,5
17901,AGC,FREIGHT,FOG,NIGHT,WEDNESDAY,HIGH,NO,1173,1229,56
13179,NDLS,MAIL_EXPRESS,MONSOON_STORM,MORNING,THURSDAY,CRITICAL,CATTLE_ON_TRACK,1117,1240,123
25487,GWL,RAJDHANI,RAIN,MORNING,WEDNESDAY,LOW,NO,83,96,13
21407,BPL,SUPERFAST,MONSOON_STORM,EVENING,MONDAY,CRITICAL,NO,212,308,96
29878,MTJ,SUPERFAST,CLEAR,NIGHT,SATURDAY,LOW,NO,1227,1239,12
28127,HWH,RAJDHANI,FOG,MORNING,SATURDAY,MEDIUM,NO,947,970,23
18794,MMCT,RAJDHANI,MONSOON_STORM,MORNING,THURSDAY,HIGH,NO,670,745,75
20031,MMCT,SUPERFAST,FOG,EVENING,TUESDAY,HIGH,NO,366,433,67
20272,GWL,RAJDHANI,MONSOON_STORM,AFTERNOON,SATURDAY,HIGH,NO,1170,1257,87
23698,NDLS,FREIGHT,RAIN,MORNING,THURSDAY,MEDIUM,NO,220,250,30
16017,GWL,MAIL_EXPRESS,MONSOON_STORM,AFTERNOON,THURSDAY,CRITICAL,NO,1052,1156,104
16571,JHS,FREIGHT,RAIN,MORNING,TUESDAY,HIGH,NO,305,366,61
14592,MAS,MAIL_EXPRESS,MONSOON_STORM,EVENING,TUESDAY,CRITICAL,NO,565,658,93
20968,BPL,SUPERFAST,FOG,AFTERNOON,FRIDAY,HIGH,NO,630,675,45
10614,MMCT,MAIL_EXPRESS,CLEAR,AFTERNOON,FRIDAY,MEDIUM,NO,1109,1130,21
17484,MTJ,FREIGHT,RAIN,EVENING,THURSDAY,HIGH,NO,937,1016,79
11529,MTJ,MAIL_EXPRESS,CLEAR,MORNING,SATURDAY,LOW,NO,1088,1095,7
15239,HWH,RAJDHANI,FOG,MORNING,FRIDAY,HIGH,CATTLE_ON_TRACK,136,209,73
23427,MMCT,RAJDHANI,FOG,AFTERNOON,SATURDAY,MEDIUM,NO,1152,1183,31
25659,JHS,RAJDHANI,RAIN,MORNING,SATURDAY,HIGH,TRACK_MAINTENANCE,1079,1137,58
11696,MTJ,SUPERFAST,RAIN,AFTERNOON,WEDNESDAY,HIGH,SIGNAL_FAILURE,622,700,78
18081,MTJ,SUPERFAST,RAIN,EVENING,WEDNESDAY,HIGH,NO,870,919,49
14971,AGC,SUPERFAST,RAIN,AFTERNOON,THURSDAY,MEDIUM,NO,737,759,22
22793,HWH,RAJDHANI,MONSOON_STORM,EVENING,THURSDAY,HIGH,NO,152,207,55
22187,JHS,SUPERFAST,FOG,EVENING,SUNDAY,HIGH,NO,1317,1375,58
12079,JHS,MAIL_EXPRESS,CLEAR,EVENING,SUNDAY,MEDIUM,NO,164,195,31
26425,MMCT,FREIGHT,FOG,MORNING,FRIDAY,HIGH,NO,145,196,51
26442,HWH,FREIGHT,FOG,NIGHT,SUNDAY,HIGH,NO,1036,1082,46
12689,HWH,RAJDHANI,FOG,NIGHT,FRIDAY,MEDIUM,NO,498,522,24
11422,JHS,SUPERFAST,CLEAR,AFTERNOON,TUESDAY,LOW,NO,1138,1142,4
26445,HWH,MAIL_EXPRESS,RAIN,AFTERNOON,TUESDAY,HIGH,TRACK_MAINTENANCE,47,123,76
11321,JHS,SUPERFAST,CLEAR,AFTERNOON,MONDAY,LOW,NO,948,962,14
18529,MMCT,FREIGHT,RAIN,NIGHT,TUESDAY,HIGH,CATTLE_ON_TRACK,762,850,88
15769,MMCT,SUPERFAST,FOG,MORNING,THURSDAY,MEDIUM,NO,575,595,20
29881,MMCT,RAJDHANI,CLEAR,NIGHT,TUESDAY,HIGH,SIGNAL_FAILURE,1258,1320,62
20303,MAS,RAJDHANI,MONSOON_STORM,AFTERNOON,TUESDAY,HIGH,NO,918,1006,88
25655,BPL,RAJDHANI,RAIN,EVENING,MONDAY,MEDIUM,NO,456,480,24
27103,AGC,RAJDHANI,MONSOON_STORM,EVENING,SUNDAY,HIGH,NO,595,660,65
13755,JHS,MAIL_EXPRESS,FOG,EVENING,TUESDAY,HIGH,NO,154,241,87
16541,HWH,SUPERFAST,RAIN,AFTERNOON,TUESDAY,MEDIUM,NO,819,836,17
24258,JHS,SUPERFAST,MONSOON_STORM,NIGHT,THURSDAY,CRITICAL,NO,816,917,101
21809,BPL,MAIL_EXPRESS,FOG,MORNING,WEDNESDAY,HIGH,NO,1363,1431,68
20718,MAS,FREIGHT,RAIN,NIGHT,FRIDAY,HIGH,CATTLE_ON_TRACK,1376,1464,88
22389,MTJ,MAIL_EXPRESS,MONSOON_STORM,EVENING,FRIDAY,CRITICAL,NO,728,825,97
25955,AGC,MAIL_EXPRESS,CLEAR,AFTERNOON,SUNDAY,LOW,NO,504,518,14
28370,MTJ,MAIL_EXPRESS,RAIN,MORNING,SATURDAY,MEDIUM,NO,8,52,44
20365,GWL,SUPERFAST,CLEAR,NIGHT,THURSDAY,MEDIUM,NO,378,393,15
24690,AGC,MAIL_EXPRESS,CLEAR,EVENING,SUNDAY,MEDIUM,NO,237,262,25
21745,BPL,FREIGHT,MONSOON_STORM,AFTERNOON,TUESDAY,CRITICAL,SIGNAL_FAILURE,567,741,174
16023,NDLS,MAIL_EXPRESS,CLEAR,NIGHT,SATURDAY,LOW,NO,992,1003,11
27108,GWL,SUPERFAST,FOG,NIGHT,WEDNESDAY,MEDIUM,NO,363,394,31
19634,MTJ,RAJDHANI,FOG,MORNING,THURSDAY,MEDIUM,NO,910,929,19
15882,JHS,SUPERFAST,CLEAR,MORNING,MONDAY,LOW,NO,135,140,5
14511,AGC,FREIGHT,CLEAR,NIGHT,FRIDAY,MEDIUM,NO,244,279,35
18536,JHS,MAIL_EXPRESS,MONSOON_STORM,NIGHT,SUNDAY,HIGH,NO,1248,1334,86
26034,MAS,RAJDHANI,FOG,MORNING,SATURDAY,MEDIUM,NO,462,494,32
19715,MAS,RAJDHANI,RAIN,NIGHT,MONDAY,MEDIUM,NO,940,961,21
19607,NDLS,RAJDHANI,FOG,NIGHT,WEDNESDAY,MEDIUM,NO,647,684,37
11765,NDLS,FREIGHT,CLEAR,NIGHT,MONDAY,MEDIUM,NO,969,1006,37
11223,MTJ,FREIGHT,RAIN,NIGHT,MONDAY,MEDIUM,NO,446,481,35
17838,MAS,SUPERFAST,FOG,AFTERNOON,MONDAY,MEDIUM,NO,859,887,28
18531,JHS,MAIL_EXPRESS,RAIN,AFTERNOON,SUNDAY,MEDIUM,NO,237,267,30
20237,BPL,RAJDHANI,MONSOON_STORM,AFTERNOON,SUNDAY,HIGH,NO,920,965,45
28680,HWH,MAIL_EXPRESS,MONSOON_STORM,AFTERNOON,TUESDAY,CRITICAL,NO,810,905,95
19389,MTJ,FREIGHT,FOG,NIGHT,SUNDAY,CRITICAL,NO,455,557,102
10207,AGC,FREIGHT,RAIN,MORNING,SATURDAY,HIGH,NO,1175,1230,55
21238,AGC,MAIL_EXPRESS,MONSOON_STORM,NIGHT,SUNDAY,HIGH,NO,1164,1235,71
13559,MAS,SUPERFAST,MONSOON_STORM,NIGHT,SUNDAY,HIGH,NO,455,536,81
15548,HWH,RAJDHANI,RAIN,MORNING,SATURDAY,MEDIUM,NO,14,29,15
21072,MAS,FREIGHT,RAIN,MORNING,FRIDAY,MEDIUM,NO,587,627,40
26276,MTJ,MAIL_EXPRESS,MONSOON_STORM,AFTERNOON,THURSDAY,HIGH,NO,908,960,52
21394,MAS,MAIL_EXPRESS,RAIN,EVENING,SUNDAY,HIGH,NO,549,603,54
22088,MAS,MAIL_EXPRESS,MONSOON_STORM,AFTERNOON,SATURDAY,HIGH,NO,900,960,60
15004,NDLS,FREIGHT,CLEAR,EVENING,SATURDAY,HIGH,NO,807,862,55
21456,BPL,SUPERFAST,MONSOON_STORM,AFTERNOON,SATURDAY,HIGH,NO,40,107,67
27892,AGC,MAIL_EXPRESS,CLEAR,NIGHT,FRIDAY,LOW,NO,1095,1102,7
11707,HWH,RAJDHANI,RAIN,EVENING,THURSDAY,MEDIUM,NO,560,593,33
27830,GWL,SUPERFAST,MONSOON_STORM,EVENING,WEDNESDAY,HIGH,NO,1202,1275,73
22663,BPL,SUPERFAST,MONSOON_STORM,EVENING,TUESDAY,HIGH,NO,776,828,52
17968,JHS,FREIGHT,CLEAR,AFTERNOON,FRIDAY,MEDIUM,NO,711,750,39
16892,NDLS,SUPERFAST,MONSOON_STORM,NIGHT,MONDAY,HIGH,NO,1008,1071,63
10000,MTJ,RAJDHANI,MONSOON_STORM,MORNING,THURSDAY,HIGH,NO,883,961,78
28011,MMCT,MAIL_EXPRESS,CLEAR,MORNING,THURSDAY,MEDIUM,NO,661,685,24
15432,MMCT,RAJDHANI,FOG,EVENING,MONDAY,HIGH,NO,1047,1092,45
16702,JHS,RAJDHANI,RAIN,EVENING,WEDNESDAY,MEDIUM,NO,503,547,44
28683,NDLS,MAIL_EXPRESS,MONSOON_STORM,NIGHT,SUNDAY,CRITICAL,SIGNAL_FAILURE,1213,1313,100
14631,HWH,SUPERFAST,RAIN,NIGHT,SATURDAY,MEDIUM,NO,1392,1419,27
26120,MTJ,RAJDHANI,FOG,EVENING,TUESDAY,CRITICAL,SIGNAL_FAILURE,1379,1469,90
17254,MTJ,MAIL_EXPRESS,FOG,AFTERNOON,SATURDAY,MEDIUM,NO,1166,1207,41
29301,HWH,SUPERFAST,MONSOON_STORM,MORNING,FRIDAY,HIGH,NO,1081,1164,83
12163,HWH,SUPERFAST,FOG,NIGHT,MONDAY,MEDIUM,NO,318,350,32
18200,AGC,MAIL_EXPRESS,FOG,AFTERNOON,WEDNESDAY,HIGH,NO,1199,1246,47
24575,HWH,RAJDHANI,CLEAR,MORNING,FRIDAY,LOW,NO,1284,1287,3
17441,GWL,MAIL_EXPRESS,CLEAR,MORNING,WEDNESDAY,HIGH,SIGNAL_FAILURE,1084,1157,73
28651,NDLS,FREIGHT,RAIN,AFTERNOON,SUNDAY,HIGH,NO,643,699,56
25180,JHS,MAIL_EXPRESS,RAIN,AFTERNOON,SATURDAY,HIGH,TRACK_MAINTENANCE,955,1008,53
17066,MTJ,FREIGHT,FOG,MORNING,TUESDAY,HIGH,NO,683,754,71
28808,NDLS,FREIGHT,FOG,NIGHT,FRIDAY,CRITICAL,NO,1054,1146,92
19185,MAS,RAJDHANI,MONSOON_STORM,AFTERNOON,TUESDAY,CRITICAL,NO,109,199,90
14040,NDLS,MAIL_EXPRESS,CLEAR,MORNING,FRIDAY,MEDIUM,NO,378,393,15
11824,JHS,RAJDHANI,FOG,MORNING,FRIDAY,MEDIUM,NO,1011,1047,36
13973,BPL,RAJDHANI,CLEAR,NIGHT,SUNDAY,LOW,NO,584,586,2
11271,MAS,SUPERFAST,RAIN,AFTERNOON,SATURDAY,MEDIUM,NO,463,489,26
10813,MMCT,FREIGHT,FOG,MORNING,TUESDAY,HIGH,NO,776,859,83
25489,BPL,SUPERFAST,MONSOON_STORM,AFTERNOON,FRIDAY,HIGH,NO,1274,1343,69
10466,MMCT,MAIL_EXPRESS,CLEAR,EVENING,SATURDAY,MEDIUM,NO,724,748,24
14731,MAS,FREIGHT,CLEAR,EVENING,WEDNESDAY,HIGH,TRACK_MAINTENANCE,563,629,66
16468,JHS,MAIL_EXPRESS,FOG,MORNING,TUESDAY,MEDIUM,NO,1332,1364,32
24900,GWL,RAJDHANI,RAIN,MORNING,WEDNESDAY,MEDIUM,NO,938,957,19
15328,BPL,MAIL_EXPRESS,MONSOON_STORM,MORNING,SUNDAY,CRITICAL,CATTLE_ON_TRACK,565,694,129
23045,GWL,RAJDHANI,MONSOON_STORM,AFTERNOON,TUESDAY,HIGH,SIGNAL_FAILURE,1294,1366,72
21390,MAS,MAIL_EXPRESS,RAIN,MORNING,MONDAY,HIGH,NO,1189,1237,48
17187,GWL,MAIL_EXPRESS,RAIN,EVENING,THURSDAY,MEDIUM,NO,522,559,37
19588,MAS,RAJDHANI,MONSOON_STORM,AFTERNOON,FRIDAY,HIGH,NO,1057,1132,75
16170,HWH,FREIGHT,CLEAR,AFTERNOON,FRIDAY,HIGH,NO,130,189,59
18595,MMCT,FREIGHT,MONSOON_STORM,MORNING,WEDNESDAY,HIGH,NO,304,383,79
23826,MTJ,SUPERFAST,CLEAR,AFTERNOON,TUESDAY,LOW,NO,201,209,8
13557,MAS,FREIGHT,CLEAR,MORNING,TUESDAY,CRITICAL,TRACK_MAINTENANCE,456,568,112
19206,JHS,RAJDHANI,MONSOON_STORM,NIGHT,SATURDAY,MEDIUM,NO,598,630,32
12072,GWL,RAJDHANI,MONSOON_STORM,EVENING,SUNDAY,CRITICAL,NO,1273,1366,93
24861,AGC,FREIGHT,RAIN,MORNING,FRIDAY,MEDIUM,NO,1263,1304,41
29151,NDLS,SUPERFAST,MONSOON_STORM,EVENING,SATURDAY,HIGH,NO,432,509,77
21163,AGC,RAJDHANI,RAIN,MORNING,THURSDAY,MEDIUM,NO,1320,1344,24
13323,BPL,MAIL_EXPRESS,MONSOON_STORM,AFTERNOON,FRIDAY,HIGH,NO,1077,1147,70
21600,MTJ,MAIL_EXPRESS,MONSOON_STORM,MORNING,MONDAY,HIGH,NO,512,590,78
16109,HWH,MAIL_EXPRESS,RAIN,AFTERNOON,SATURDAY,MEDIUM,NO,372,404,32
27069,BPL,RAJDHANI,RAIN,AFTERNOON,FRIDAY,LOW,NO,725,736,11
29836,GWL,MAIL_EXPRESS,CLEAR,NIGHT,FRIDAY,MEDIUM,NO,53,83,30
18042,JHS,SUPERFAST,CLEAR,NIGHT,TUESDAY,LOW,NO,371,377,6
24649,MTJ,SUPERFAST,RAIN,EVENING,WEDNESDAY,MEDIUM,NO,1331,1373,42
14554,JHS,RAJDHANI,CLEAR,MORNING,FRIDAY,LOW,NO,301,303,2
27761,GWL,SUPERFAST,FOG,NIGHT,WEDNESDAY,MEDIUM,NO,1186,1227,41
14992,AGC,RAJDHANI,MONSOON_STORM,EVENING,SATURDAY,CRITICAL,NO,1059,1157,98
17510,MMCT,MAIL_EXPRESS,RAIN,NIGHT,MONDAY,MEDIUM,NO,1018,1044,26
11848,MMCT,FREIGHT,RAIN,AFTERNOON,MONDAY,MEDIUM,NO,376,402,26
19414,MTJ,FREIGHT,FOG,MORNING,SATURDAY,HIGH,NO,1086,1169,83
24247,AGC,FREIGHT,MONSOON_STORM,EVENING,SATURDAY,CRITICAL,NO,1343,1454,111
12130,GWL,FREIGHT,RAIN,MORNING,SATURDAY,HIGH,NO,1032,1081,49
11565,JHS,FREIGHT,FOG,MORNING,SATURDAY,HIGH,NO,490,537,47
11696,MAS,FREIGHT,MONSOON_STORM,MORNING,TUESDAY,CRITICAL,TRACK_MAINTENANCE,1320,1420,100
20755,BPL,MAIL_EXPRESS,CLEAR,NIGHT,FRIDAY,LOW,NO,993,1000,7
13498,MTJ,RAJDHANI,FOG,EVENING,SATURDAY,MEDIUM,NO,669,703,34
27282,NDLS,RAJDHANI,RAIN,MORNING,MONDAY,MEDIUM,CATTLE_ON_TRACK,919,960,41
26086,MAS,MAIL_EXPRESS,CLEAR,AFTERNOON,THURSDAY,LOW,NO,1206,1213,7
23958,HWH,SUPERFAST,MONSOON_STORM,EVENING,WEDNESDAY,CRITICAL,NO,926,1026,100
17256,MAS,MAIL_EXPRESS,RAIN,AFTERNOON,MONDAY,MEDIUM,NO,728,770,42
14035,JHS,RAJDHANI,CLEAR,EVENING,MONDAY,MEDIUM,TRACK_MAINTENANCE,827,870,43
29114,GWL,RAJDHANI,MONSOON_STORM,MORNING,THURSDAY,HIGH,NO,361,450,89
13456,GWL,RAJDHANI,CLEAR,EVENING,FRIDAY,MEDIUM,NO,1271,1289,18
10943,BPL,RAJDHANI,MONSOON_STORM,EVENING,WEDNESDAY,CRITICAL,NO,687,794,107
19442,NDLS,FREIGHT,FOG,NIGHT,TUESDAY,HIGH,NO,1306,1366,60
18835,NDLS,FREIGHT,CLEAR,MORNING,SUNDAY,HIGH,NO,1278,1327,49
12457,MMCT,MAIL_EXPRESS,CLEAR,EVENING,TUESDAY,MEDIUM,NO,528,562,34
25377,JHS,MAIL_EXPRESS,CLEAR,AFTERNOON,MONDAY,MEDIUM,NO,54,70,16
16947,MMCT,SUPERFAST,CLEAR,MORNING,WEDNESDAY,MEDIUM,NO,1335,1350,15
18439,GWL,RAJDHANI,RAIN,AFTERNOON,FRIDAY,LOW,NO,416,430,14
10452,MMCT,RAJDHANI,FOG,EVENING,SATURDAY,MEDIUM,NO,284,324,40
15925,HWH,FREIGHT,MONSOON_STORM,NIGHT,FRIDAY,CRITICAL,SIGNAL_FAILURE,1029,1214,185
14855,MAS,FREIGHT,RAIN,AFTERNOON,FRIDAY,MEDIUM,NO,1192,1221,29
26858,AGC,SUPERFAST,CLEAR,MORNING,THURSDAY,LOW,NO,1382,1394,12
29443,GWL,FREIGHT,MONSOON_STORM,EVENING,WEDNESDAY,CRITICAL,NO,1351,1507,156
20299,AGC,SUPERFAST,RAIN,EVENING,FRIDAY,MEDIUM,NO,1260,1294,34
16933,HWH,MAIL_EXPRESS,MONSOON_STORM,EVENING,WEDNESDAY,CRITICAL,NO,1275,1413,138
29875,BPL,SUPERFAST,MONSOON_STORM,EVENING,THURSDAY,HIGH,NO,73,158,85
27761,MMCT,MAIL_EXPRESS,CLEAR,NIGHT,SUNDAY,LOW,NO,1243,1257,14
21613,BPL,RAJDHANI,RAIN,MORNING,MONDAY,MEDIUM,NO,351,368,17
16428,MTJ,MAIL_EXPRESS,RAIN,MORNING,TUESDAY,MEDIUM,NO,632,665,33
14010,MTJ,SUPERFAST,CLEAR,MORNING,SATURDAY,HIGH,CATTLE_ON_TRACK,545,604,59
10772,AGC,SUPERFAST,RAIN,EVENING,FRIDAY,MEDIUM,NO,394,432,38
20031,MTJ,MAIL_EXPRESS,CLEAR,MORNING,THURSDAY,LOW,NO,804,811,7
11192,BPL,RAJDHANI,CLEAR,MORNING,SUNDAY,LOW,NO,263,266,3
13159,JHS,SUPERFAST,MONSOON_STORM,AFTERNOON,MONDAY,MEDIUM,NO,392,433,41
21833,AGC,RAJDHANI,FOG,AFTERNOON,TUESDAY,HIGH,SIGNAL_FAILURE,37,107,70
13775,JHS,FREIGHT,RAIN,MORNING,SATURDAY,HIGH,NO,550,602,52
11222,BPL,RAJDHANI,FOG,AFTERNOON,WEDNESDAY,MEDIUM,NO,53,82,29
20941,GWL,MAIL_EXPRESS,RAIN,NIGHT,TUESDAY,MEDIUM,NO,1378,1401,23
25046,MTJ,MAIL_EXPRESS,MONSOON_STORM,EVENING,WEDNESDAY,HIGH,NO,42,128,86
14981,AGC,MAIL_EXPRESS,RAIN,MORNING,SUNDAY,MEDIUM,NO,386,417,31
23874,MTJ,MAIL_EXPRESS,MONSOON_STORM,NIGHT,FRIDAY,HIGH,NO,169,229,60
17705,BPL,SUPERFAST,FOG,NIGHT,MONDAY,MEDIUM,NO,659,691,32
16445,NDLS,MAIL_EXPRESS,FOG,AFTERNOON,WEDNESDAY,MEDIUM,NO,987,1031,44
15293,MAS,MAIL_EXPRESS,CLEAR,EVENING,SUNDAY,MEDIUM,NO,1270,1297,27
24115,AGC,SUPERFAST,RAIN,MORNING,MONDAY,MEDIUM,NO,1304,1324,20
24420,NDLS,SUPERFAST,MONSOON_STORM,AFTERNOON,THURSDAY,HIGH,NO,1283,1332,49
15574,NDLS,RAJDHANI,FOG,NIGHT,THURSDAY,HIGH,CATTLE_ON_TRACK,1147,1224,77
19220,MAS,RAJDHANI,MONSOON_STORM,EVENING,MONDAY,HIGH,NO,599,684,85
16801,GWL,SUPERFAST,FOG,MORNING,SUNDAY,MEDIUM,NO,817,859,42
10337,GWL,FREIGHT,MONSOON_STORM,EVENING,SATURDAY,CRITICAL,NO,1056,1186,130
15356,AGC,SUPERFAST,MONSOON_STORM,NIGHT,SATURDAY,HIGH,NO,1194,1265,71
15009,MAS,RAJDHANI,FOG,NIGHT,THURSDAY,MEDIUM,NO,41,78,37
14799,GWL,FREIGHT,RAIN,AFTERNOON,THURSDAY,HIGH,NO,542,598,56
17097,GWL,FREIGHT,MONSOON_STORM,NIGHT,FRIDAY,CRITICAL,NO,808,938,130
24692,GWL,MAIL_EXPRESS,RAIN,EVENING,SUNDAY,MEDIUM,NO,161,201,40
25191,MMCT,MAIL_EXPRESS,RAIN,EVENING,FRIDAY,MEDIUM,NO,947,983,36
20584,HWH,FREIGHT,CLEAR,EVENING,FRIDAY,MEDIUM,NO,357,394,37
16661,GWL,MAIL_EXPRESS,RAIN,NIGHT,THURSDAY,MEDIUM,NO,1113,1149,36
22656,MTJ,SUPERFAST,MONSOON_STORM,NIGHT,WEDNESDAY,MEDIUM,NO,467,504,37
19502,GWL,FREIGHT,MONSOON_STORM,AFTERNOON,SATURDAY,HIGH,NO,211,265,54
28605,MMCT,SUPERFAST,CLEAR,NIGHT,WEDNESDAY,LOW,NO,693,695,2
26614,HWH,RAJDHANI,RAIN,MORNING,SUNDAY,LOW,NO,448,459,11
28650,AGC,FREIGHT,RAIN,EVENING,SATURDAY,MEDIUM,NO,866,905,39
24696,JHS,SUPERFAST,FOG,EVENING,SATURDAY,HIGH,NO,811,869,58
29460,AGC,RAJDHANI,RAIN,EVENING,FRIDAY,MEDIUM,NO,517,551,34
27386,NDLS,SUPERFAST,FOG,AFTERNOON,SUNDAY,MEDIUM,NO,1299,1338,39
15016,AGC,FREIGHT,MONSOON_STORM,MORNING,SATURDAY,CRITICAL,NO,352,482,130
23019,HWH,RAJDHANI,MONSOON_STORM,NIGHT,TUESDAY,MEDIUM,NO,154,198,44
26327,MMCT,FREIGHT,FOG,EVENING,WEDNESDAY,CRITICAL,NO,659,777,118
17332,MAS,SUPERFAST,RAIN,EVENING,SUNDAY,HIGH,NO,1240,1291,51
14460,HWH,SUPERFAST,CLEAR,AFTERNOON,FRIDAY,HIGH,TRACK_MAINTENANCE,325,374,49
27273,MAS,RAJDHANI,FOG,EVENING,SUNDAY,MEDIUM,NO,57,97,40
26372,AGC,MAIL_EXPRESS,CLEAR,MORNING,SATURDAY,MEDIUM,TRACK_MAINTENANCE,949,986,37
28622,HWH,FREIGHT,RAIN,NIGHT,SUNDAY,MEDIUM,NO,793,831,38
29238,BPL,RAJDHANI,FOG,AFTERNOON,MONDAY,MEDIUM,NO,167,198,31
19579,AGC,FREIGHT,RAIN,AFTERNOON,SATURDAY,MEDIUM,NO,1064,1105,41
21122,BPL,RAJDHANI,FOG,AFTERNOON,SUNDAY,MEDIUM,NO,473,516,43
18711,NDLS,FREIGHT,RAIN,EVENING,TUESDAY,HIGH,TRACK_MAINTENANCE,941,1030,89
21873,HWH,SUPERFAST,FOG,NIGHT,FRIDAY,MEDIUM,NO,992,1025,33
18601,NDLS,SUPERFAST,FOG,NIGHT,WEDNESDAY,MEDIUM,NO,387,426,39
12531,BPL,RAJDHANI,FOG,NIGHT,TUESDAY,MEDIUM,NO,121,158,37
28183,MAS,MAIL_EXPRESS,CLEAR,MORNING,TUESDAY,MEDIUM,NO,536,556,20
22164,AGC,RAJDHANI,MONSOON_STORM,EVENING,WEDNESDAY,CRITICAL,SIGNAL_FAILURE,1107,1248,141
23693,MMCT,FREIGHT,FOG,EVENING,MONDAY,CRITICAL,NO,343,470,127
16785,JHS,MAIL_EXPRESS,MONSOON_STORM,NIGHT,WEDNESDAY,HIGH,NO,251,321,70
14309,MAS,SUPERFAST,MONSOON_STORM,MORNING,FRIDAY,HIGH,NO,1326,1399,73
25944,NDLS,MAIL_EXPRESS,CLEAR,EVENING,WEDNESDAY,MEDIUM,NO,365,400,35
27434,GWL,MAIL_EXPRESS,FOG,NIGHT,FRIDAY,MEDIUM,NO,1053,1097,44
23183,AGC,MAIL_EXPRESS,RAIN,EVENING,SUNDAY,HIGH,SIGNAL_FAILURE,502,570,68
10068,NDLS,MAIL_EXPRESS,FOG,EVENING,TUESDAY,HIGH,NO,1107,1187,80
23912,JHS,SUPERFAST,CLEAR,NIGHT,MONDAY,MEDIUM,TRACK_MAINTENANCE,347,387,40
29331,JHS,RAJDHANI,RAIN,AFTERNOON,FRIDAY,LOW,NO,136,148,12
27428,MAS,RAJDHANI,FOG,AFTERNOON,TUESDAY,MEDIUM,NO,516,554,38
26773,HWH,SUPERFAST,RAIN,EVENING,SUNDAY,MEDIUM,NO,519,552,33
12425,BPL,MAIL_EXPRESS,RAIN,AFTERNOON,FRIDAY,MEDIUM,NO,1084,1105,21
23496,JHS,SUPERFAST,MONSOON_STORM,EVENING,MONDAY,CRITICAL,SIGNAL_FAILURE,789,884,95
24866,HWH,RAJDHANI,FOG,NIGHT,TUESDAY,HIGH,SIGNAL_FAILURE,1004,1076,72
14728,BPL,MAIL_EXPRESS,RAIN,MORNING,SATURDAY,MEDIUM,NO,521,553,32
12000,NDLS,MAIL_EXPRESS,RAIN,NIGHT,MONDAY,MEDIUM,NO,1392,1417,25
22627,GWL,SUPERFAST,FOG,MORNING,WEDNESDAY,MEDIUM,NO,993,1015,22
28056,MAS,RAJDHANI,FOG,MORNING,FRIDAY,MEDIUM,NO,68,107,39
13601,GWL,MAIL_EXPRESS,CLEAR,NIGHT,FRIDAY,MEDIUM,NO,482,501,19
19770,MAS,SUPERFAST,CLEAR,MORNING,THURSDAY,LOW,NO,177,188,11
29027,BPL,MAIL_EXPRESS,MONSOON_STORM,NIGHT,TUESDAY,HIGH,NO,484,565,81
18767,HWH,MAIL_EXPRESS,RAIN,AFTERNOON,FRIDAY,MEDIUM,NO,908,934,26
14218,GWL,MAIL_EXPRESS,RAIN,EVENING,THURSDAY,HIGH,SIGNAL_FAILURE,1167,1247,80
26897,MAS,SUPERFAST,MONSOON_STORM,EVENING,FRIDAY,CRITICAL,TRACK_MAINTENANCE,37,157,120
18981,NDLS,SUPERFAST,MONSOON_STORM,EVENING,MONDAY,HIGH,NO,1130,1213,83
22902,AGC,MAIL_EXPRESS,CLEAR,AFTERNOON,THURSDAY,MEDIUM,NO,332,348,16
10594,MTJ,SUPERFAST,CLEAR,MORNING,SUNDAY,LOW,NO,625,638,13
28690,MMCT,SUPERFAST,CLEAR,MORNING,TUESDAY,LOW,NO,774,780,6
17528,JHS,RAJDHANI,FOG,EVENING,WEDNESDAY,HIGH,NO,841,891,50
17281,BPL,MAIL_EXPRESS,CLEAR,NIGHT,SUNDAY,HIGH,CATTLE_ON_TRACK,1148,1212,64
17956,GWL,RAJDHANI,CLEAR,MORNING,THURSDAY,MEDIUM,SIGNAL_FAILURE,650,681,31
26579,MTJ,SUPERFAST,CLEAR,MORNING,THURSDAY,LOW,NO,134,141,7
11737,HWH,FREIGHT,FOG,EVENING,TUESDAY,HIGH,NO,1180,1267,87
25433,MAS,SUPERFAST,RAIN,EVENING,MONDAY,MEDIUM,NO,238,269,31
24123,NDLS,RAJDHANI,FOG,AFTERNOON,MONDAY,MEDIUM,NO,1001,1045,44
27259,AGC,RAJDHANI,FOG,EVENING,MONDAY,MEDIUM,NO,1213,1256,43
10275,MAS,SUPERFAST,FOG,NIGHT,SUNDAY,MEDIUM,NO,1368,1395,27
22146,JHS,MAIL_EXPRESS,FOG,NIGHT,TUESDAY,HIGH,SIGNAL_FAILURE,1000,1072,72
20162,BPL,SUPERFAST,CLEAR,EVENING,SUNDAY,HIGH,CATTLE_ON_TRACK,401,467,66
24064,MMCT,SUPERFAST,MONSOON_STORM,EVENING,MONDAY,CRITICAL,NO,388,478,90
26668,HWH,RAJDHANI,RAIN,EVENING,WEDNESDAY,MEDIUM,NO,1051,1084,33
13216,HWH,MAIL_EXPRESS,MONSOON_STORM,AFTERNOON,SATURDAY,CRITICAL,TRACK_MAINTENANCE,801,927,126
25359,MAS,MAIL_EXPRESS,MONSOON_STORM,NIGHT,SATURDAY,HIGH,NO,279,365,86
28100,MAS,FREIGHT,RAIN,MORNING,TUESDAY,HIGH,NO,224,289,65
10245,HWH,MAIL_EXPRESS,MONSOON_STORM,EVENING,WEDNESDAY,HIGH,NO,1244,1332,88
22585,HWH,RAJDHANI,MONSOON_STORM,EVENING,SUNDAY,HIGH,NO,432,505,73
18913,JHS,MAIL_EXPRESS,RAIN,NIGHT,SATURDAY,MEDIUM,NO,1140,1184,44
11966,MTJ,SUPERFAST,RAIN,AFTERNOON,WEDNESDAY,MEDIUM,NO,948,969,21
11371,HWH,SUPERFAST,FOG,AFTERNOON,FRIDAY,HIGH,NO,61,110,49
19110,JHS,RAJDHANI,RAIN,EVENING,THURSDAY,MEDIUM,NO,632,664,32
12196,AGC,MAIL_EXPRESS,MONSOON_STORM,AFTERNOON,WEDNESDAY,HIGH,NO,1367,1439,72
29470,BPL,MAIL_EXPRESS,CLEAR,NIGHT,THURSDAY,MEDIUM,NO,353,376,23
10705,BPL,MAIL_EXPRESS,FOG,AFTERNOON,THURSDAY,HIGH,NO,912,981,69
18028,JHS,FREIGHT,FOG,NIGHT,THURSDAY,HIGH,NO,94,179,85
12004,MAS,SUPERFAST,CLEAR,AFTERNOON,FRIDAY,LOW,NO,394,396,2
10045,GWL,MAIL_EXPRESS,FOG,NIGHT,WEDNESDAY,MEDIUM,NO,629,667,38
26277,AGC,FREIGHT,CLEAR,MORNING,TUESDAY,MEDIUM,NO,425,465,40
26602,HWH,MAIL_EXPRESS,RAIN,EVENING,FRIDAY,HIGH,NO,1018,1066,48
20792,MTJ,FREIGHT,MONSOON_STORM,NIGHT,THURSDAY,CRITICAL,NO,15,109,94
28854,BPL,FREIGHT,RAIN,MORNING,TUESDAY,HIGH,NO,487,541,54
19028,GWL,SUPERFAST,MONSOON_STORM,AFTERNOON,SATURDAY,HIGH,NO,865,953,88
25304,AGC,SUPERFAST,MONSOON_STORM,MORNING,SATURDAY,HIGH,NO,535,583,48
14065,MTJ,MAIL_EXPRESS,CLEAR,NIGHT,SUNDAY,MEDIUM,NO,317,343,26
12435,NDLS,SUPERFAST,CLEAR,EVENING,SATURDAY,MEDIUM,SIGNAL_FAILURE,986,1028,42
19006,BPL,FREIGHT,RAIN,AFTERNOON,WEDNESDAY,HIGH,NO,1370,1437,67
18999,MAS,RAJDHANI,MONSOON_STORM,MORNING,THURSDAY,HIGH,NO,1021,1087,66
20238,AGC,FREIGHT,MONSOON_STORM,NIGHT,MONDAY,HIGH,NO,121,179,58
24799,AGC,SUPERFAST,MONSOON_STORM,AFTERNOON,WEDNESDAY,HIGH,NO,318,407,89
12548,BPL,FREIGHT,FOG,AFTERNOON,SATURDAY,HIGH,NO,76,137,61
13750,JHS,MAIL_EXPRESS,RAIN,NIGHT,SATURDAY,CRITICAL,CATTLE_ON_TRACK,614,715,101
16591,AGC,FREIGHT,MONSOON_STORM,MORNING,WEDNESDAY,CRITICAL,CATTLE_ON_TRACK,348,491,143
22411,HWH,FREIGHT,RAIN,AFTERNOON,SUNDAY,MEDIUM,NO,1146,1172,26
11064,MTJ,FREIGHT,RAIN,AFTERNOON,MONDAY,HIGH,NO,1018,1084,66
17331,BPL,SUPERFAST,RAIN,NIGHT,WEDNESDAY,MEDIUM,NO,156,183,27
18613,MMCT,FREIGHT,CLEAR,AFTERNOON,THURSDAY,HIGH,TRACK_MAINTENANCE,642,722,80
25479,JHS,RAJDHANI,RAIN,AFTERNOON,TUESDAY,LOW,NO,488,501,13
10411,AGC,MAIL_EXPRESS,CLEAR,AFTERNOON,SATURDAY,MEDIUM,NO,387,412,25
27925,JHS,FREIGHT,FOG,AFTERNOON,SUNDAY,HIGH,NO,298,364,66
13792,MMCT,RAJDHANI,FOG,NIGHT,WEDNESDAY,HIGH,NO,1273,1318,45
20395,NDLS,RAJDHANI,RAIN,MORNING,SUNDAY,LOW,NO,1345,1356,11
29472,HWH,MAIL_EXPRESS,FOG,MORNING,MONDAY,HIGH,NO,1002,1059,57
19773,MAS,FREIGHT,FOG,NIGHT,WEDNESDAY,MEDIUM,NO,254,295,41
23677,MTJ,SUPERFAST,CLEAR,EVENING,TUESDAY,MEDIUM,NO,715,750,35
11181,JHS,MAIL_EXPRESS,RAIN,NIGHT,SUNDAY,MEDIUM,NO,1191,1211,20
22751,NDLS,MAIL_EXPRESS,CLEAR,NIGHT,TUESDAY,MEDIUM,NO,226,242,16
17894,HWH,SUPERFAST,MONSOON_STORM,EVENING,WEDNESDAY,CRITICAL,NO,703,825,122
16316,HWH,FREIGHT,RAIN,AFTERNOON,SATURDAY,MEDIUM,NO,945,974,29
28584,AGC,MAIL_EXPRESS,RAIN,NIGHT,FRIDAY,MEDIUM,NO,1212,1239,27
16439,BPL,SUPERFAST,CLEAR,EVENING,THURSDAY,LOW,NO,944,958,14
21001,MAS,SUPERFAST,MONSOON_STORM,MORNING,SATURDAY,CRITICAL,NO,54,148,94
26954,JHS,SUPERFAST,CLEAR,AFTERNOON,FRIDAY,LOW,NO,513,520,7
11486,MMCT,FREIGHT,FOG,NIGHT,SATURDAY,HIGH,TRACK_MAINTENANCE,613,701,88
11834,HWH,FREIGHT,CLEAR,NIGHT,FRIDAY,HIGH,NO,26,82,56
15019,JHS,MAIL_EXPRESS,CLEAR,EVENING,SATURDAY,HIGH,NO,859,905,46
28702,AGC,FREIGHT,RAIN,MORNING,SATURDAY,MEDIUM,NO,604,623,19
21221,JHS,FREIGHT,RAIN,EVENING,FRIDAY,HIGH,NO,1165,1236,71
13469,JHS,RAJDHANI,RAIN,AFTERNOON,WEDNESDAY,MEDIUM,NO,813,829,16
12964,GWL,RAJDHANI,MONSOON_STORM,AFTERNOON,TUESDAY,HIGH,NO,777,852,75
28423,AGC,FREIGHT,RAIN,NIGHT,WEDNESDAY,CRITICAL,TRACK_MAINTENANCE,898,1009,111
27090,NDLS,RAJDHANI,MONSOON_STORM,AFTERNOON,WEDNESDAY,CRITICAL,NO,1023,1113,90
22336,MMCT,FREIGHT,FOG,AFTERNOON,WEDNESDAY,HIGH,NO,1068,1127,59
20434,MAS,RAJDHANI,MONSOON_STORM,AFTERNOON,MONDAY,HIGH,NO,200,279,79
19659,HWH,FREIGHT,RAIN,NIGHT,SATURDAY,MEDIUM,NO,1066,1098,32
19092,AGC,RAJDHANI,RAIN,MORNING,SUNDAY,LOW,NO,229,242,13
23172,MTJ,RAJDHANI,CLEAR,AFTERNOON,MONDAY,LOW,NO,2,7,5
14428,JHS,RAJDHANI,MONSOON_STORM,NIGHT,SUNDAY,HIGH,NO,1192,1273,81
28847,GWL,FREIGHT,MONSOON_STORM,NIGHT,TUESDAY,HIGH,NO,395,481,86
25788,GWL,RAJDHANI,MONSOON_STORM,AFTERNOON,MONDAY,HIGH,NO,968,1025,57
25008,AGC,FREIGHT,MONSOON_STORM,NIGHT,SATURDAY,HIGH,NO,734,791,57
12882,JHS,RAJDHANI,MONSOON_STORM,NIGHT,SATURDAY,HIGH,NO,996,1085,89
19977,NDLS,SUPERFAST,CLEAR,NIGHT,WEDNESDAY,LOW,NO,600,604,4
23062,HWH,MAIL_EXPRESS,RAIN,NIGHT,SUNDAY,MEDIUM,NO,265,295,30
22604,GWL,RAJDHANI,FOG,NIGHT,WEDNESDAY,MEDIUM,NO,406,450,44
12747,MMCT,RAJDHANI,FOG,NIGHT,SATURDAY,MEDIUM,NO,335,377,42
27125,GWL,RAJDHANI,CLEAR,AFTERNOON,WEDNESDAY,MEDIUM,TRACK_MAINTENANCE,275,298,23
25144,MAS,FREIGHT,CLEAR,NIGHT,MONDAY,MEDIUM,NO,93,108,15
21968,NDLS,MAIL_EXPRESS,MONSOON_STORM,NIGHT,THURSDAY,HIGH,NO,1134,1203,69
23952,AGC,SUPERFAST,RAIN,NIGHT,FRIDAY,HIGH,CATTLE_ON_TRACK,1229,1298,69
26718,GWL,RAJDHANI,MONSOON_STORM,NIGHT,MONDAY,HIGH,NO,730,810,80
29920,MAS,MAIL_EXPRESS,FOG,NIGHT,TUESDAY,MEDIUM,NO,961,987,26
25727,MTJ,FREIGHT,MONSOON_STORM,MORNING,MONDAY,CRITICAL,NO,1305,1419,114
21280,BPL,RAJDHANI,MONSOON_STORM,MORNING,THURSDAY,HIGH,NO,1335,1380,45
16420,GWL,FREIGHT,RAIN,NIGHT,MONDAY,HIGH,SIGNAL_FAILURE,480,544,64
12501,HWH,SUPERFAST,FOG,EVENING,SATURDAY,MEDIUM,NO,22,65,43
23585,NDLS,RAJDHANI,CLEAR,NIGHT,SUNDAY,HIGH,CATTLE_ON_TRACK,300,364,64
12372,MTJ,SUPERFAST,FOG,MORNING,SUNDAY,MEDIUM,NO,116,157,41
13249,MTJ,FREIGHT,CLEAR,EVENING,MONDAY,HIGH,NO,1365,1414,49
27417,MMCT,RAJDHANI,MONSOON_STORM,AFTERNOON,SUNDAY,HIGH,NO,1226,1296,70
29683,HWH,FREIGHT,FOG,MORNING,FRIDAY,HIGH,NO,350,422,72
10964,MTJ,SUPERFAST,MONSOON_STORM,AFTERNOON,THURSDAY,MEDIUM,NO,782,820,38
16421,MMCT,SUPERFAST,RAIN,EVENING,THURSDAY,MEDIUM,NO,1112,1143,31
12491,BPL,RAJDHANI,FOG,EVENING,TUESDAY,HIGH,NO,416,470,54
24755,NDLS,MAIL_EXPRESS,CLEAR,AFTERNOON,THURSDAY,LOW,NO,1048,1060,12
23723,MAS,MAIL_EXPRESS,FOG,NIGHT,WEDNESDAY,MEDIUM,NO,373,412,39
12394,MMCT,MAIL_EXPRESS,MONSOON_STORM,NIGHT,MONDAY,CRITICAL,NO,1061,1158,97
13998,AGC,FREIGHT,MONSOON_STORM,MORNING,FRIDAY,HIGH,NO,543,630,87
22613,AGC,FREIGHT,FOG,EVENING,THURSDAY,HIGH,NO,1079,1152,73
12320,JHS,SUPERFAST,FOG,MORNING,THURSDAY,HIGH,NO,12,57,45
11184,NDLS,FREIGHT,FOG,EVENING,THURSDAY,CRITICAL,NO,624,738,114
17860,GWL,MAIL_EXPRESS,CLEAR,AFTERNOON,TUESDAY,MEDIUM,NO,1038,1061,23
18633,JHS,RAJDHANI,MONSOON_STORM,MORNING,THURSDAY,HIGH,NO,519,605,86
15527,AGC,FREIGHT,FOG,MORNING,SUNDAY,MEDIUM,NO,234,275,41
16523,GWL,SUPERFAST,MONSOON_STORM,MORNING,SATURDAY,HIGH,NO,1098,1169,71
28774,GWL,MAIL_EXPRESS,RAIN,EVENING,MONDAY,HIGH,NO,961,1012,51
24990,NDLS,SUPERFAST,CLEAR,EVENING,SUNDAY,HIGH,TRACK_MAINTENANCE,1055,1137,82
19477,AGC,SUPERFAST,FOG,AFTERNOON,THURSDAY,MEDIUM,NO,654,685,31
22985,NDLS,FREIGHT,MONSOON_STORM,MORNING,THURSDAY,HIGH,NO,808,885,77
16460,MAS,SUPERFAST,FOG,AFTERNOON,SUNDAY,HIGH,NO,462,522,60
25199,BPL,MAIL_EXPRESS,CLEAR,AFTERNOON,SUNDAY,MEDIUM,NO,1215,1230,15
20175,BPL,MAIL_EXPRESS,FOG,MORNING,WEDNESDAY,MEDIUM,NO,181,220,39
24744,HWH,RAJDHANI,MONSOON_STORM,EVENING,MONDAY,HIGH,NO,1267,1325,58
11248,NDLS,RAJDHANI,CLEAR,EVENING,SUNDAY,HIGH,TRACK_MAINTENANCE,1156,1210,54
29712,AGC,RAJDHANI,FOG,AFTERNOON,THURSDAY,HIGH,TRACK_MAINTENANCE,24,82,58
27167,MTJ,MAIL_EXPRESS,FOG,MORNING,MONDAY,HIGH,NO,1282,1327,45
19957,GWL,SUPERFAST,FOG,AFTERNOON,WEDNESDAY,MEDIUM,NO,63,107,44
25281,NDLS,RAJDHANI,CLEAR,MORNING,WEDNESDAY,LOW,NO,981,986,5
12236,BPL,FREIGHT,CLEAR,EVENING,SATURDAY,HIGH,NO,445,495,50
29476,AGC,RAJDHANI,MONSOON_STORM,EVENING,SUNDAY,HIGH,NO,573,651,78
11906,MTJ,FREIGHT,FOG,NIGHT,TUESDAY,HIGH,NO,1039,1112,73
13716,GWL,RAJDHANI,RAIN,MORNING,TUESDAY,LOW,NO,95,104,9
14482,AGC,MAIL_EXPRESS,MONSOON_STORM,NIGHT,WEDNESDAY,CRITICAL,NO,464,578,114
20904,MAS,MAIL_EXPRESS,MONSOON_STORM,NIGHT,FRIDAY,CRITICAL,NO,1122,1220,98
24305,MTJ,SUPERFAST,RAIN,AFTERNOON,FRIDAY,MEDIUM,NO,652,679,27
22045,GWL,FREIGHT,CLEAR,EVENING,FRIDAY,HIGH,NO,19,70,51
17278,NDLS,SUPERFAST,MONSOON_STORM,EVENING,SATURDAY,HIGH,NO,1282,1369,87
17030,AGC,SUPERFAST,MONSOON_STORM,NIGHT,FRIDAY,MEDIUM,NO,5,45,40
24595,AGC,RAJDHANI,CLEAR,EVENING,SUNDAY,HIGH,SIGNAL_FAILURE,150,210,60
24877,MTJ,FREIGHT,FOG,MORNING,TUESDAY,HIGH,NO,902,974,72
24934,MMCT,SUPERFAST,CLEAR,AFTERNOON,SUNDAY,LOW,NO,80,94,14
26833,MAS,RAJDHANI,MONSOON_STORM,MORNING,TUESDAY,HIGH,NO,712,761,49
22710,BPL,MAIL_EXPRESS,RAIN,EVENING,MONDAY,MEDIUM,NO,1386,1411,25
22867,AGC,SUPERFAST,FOG,MORNING,SUNDAY,MEDIUM,NO,11,32,21
15755,JHS,MAIL_EXPRESS,FOG,EVENING,SUNDAY,HIGH,NO,1184,1264,80
17618,MTJ,SUPERFAST,FOG,EVENING,SATURDAY,HIGH,NO,106,158,52
25601,NDLS,MAIL_EXPRESS,FOG,MORNING,WEDNESDAY,HIGH,NO,87,137,50
10560,MTJ,SUPERFAST,CLEAR,EVENING,SUNDAY,MEDIUM,NO,689,706,17
22396,GWL,FREIGHT,MONSOON_STORM,EVENING,THURSDAY,CRITICAL,NO,837,993,156
21989,MMCT,MAIL_EXPRESS,RAIN,AFTERNOON,SATURDAY,MEDIUM,NO,968,988,20
20030,MMCT,SUPERFAST,RAIN,AFTERNOON,THURSDAY,MEDIUM,NO,1045,1069,24
22896,MMCT,MAIL_EXPRESS,FOG,EVENING,WEDNESDAY,HIGH,NO,452,522,70
11056,JHS,MAIL_EXPRESS,FOG,NIGHT,FRIDAY,MEDIUM,NO,1166,1203,37
15448,MTJ,RAJDHANI,MONSOON_STORM,AFTERNOON,WEDNESDAY,HIGH,NO,191,250,59
27625,JHS,MAIL_EXPRESS,RAIN,NIGHT,THURSDAY,MEDIUM,NO,256,274,18
19883,BPL,RAJDHANI,MONSOON_STORM,NIGHT,THURSDAY,HIGH,NO,1158,1216,58
28364,HWH,RAJDHANI,CLEAR,MORNING,TUESDAY,HIGH,CATTLE_ON_TRACK,430,482,52
15183,GWL,RAJDHANI,RAIN,AFTERNOON,THURSDAY,MEDIUM,NO,1053,1073,20
16168,AGC,SUPERFAST,FOG,MORNING,THURSDAY,HIGH,NO,907,960,53
10097,JHS,RAJDHANI,MONSOON_STORM,MORNING,SATURDAY,HIGH,NO,412,483,71
29966,NDLS,FREIGHT,FOG,NIGHT,TUESDAY,HIGH,NO,918,978,60
20976,MMCT,SUPERFAST,FOG,EVENING,THURSDAY,HIGH,NO,1238,1293,55
27784,JHS,RAJDHANI,RAIN,AFTERNOON,SATURDAY,LOW,NO,286,295,9
13080,MMCT,FREIGHT,MONSOON_STORM,NIGHT,FRIDAY,CRITICAL,NO,1346,1450,104
28780,MTJ,FREIGHT,MONSOON_STORM,MORNING,SUNDAY,CRITICAL,NO,1051,1156,105
13379,JHS,SUPERFAST,MONSOON_STORM,MORNING,SUNDAY,HIGH,NO,410,465,55
16384,MMCT,MAIL_EXPRESS,FOG,EVENING,SUNDAY,HIGH,NO,995,1071,76
11655,MMCT,SUPERFAST,FOG,AFTERNOON,SATURDAY,MEDIUM,NO,1119,1149,30
28099,BPL,SUPERFAST,RAIN,MORNING,TUESDAY,LOW,NO,108,116,8
15808,MTJ,RAJDHANI,RAIN,MORNING,THURSDAY,MEDIUM,NO,22,43,21
18907,GWL,FREIGHT,CLEAR,NIGHT,THURSDAY,HIGH,NO,1171,1231,60
24567,MTJ,MAIL_EXPRESS,CLEAR,EVENING,MONDAY,MEDIUM,NO,1081,1108,27
14251,MMCT,SUPERFAST,CLEAR,AFTERNOON,TUESDAY,LOW,NO,1073,1080,7
27571,BPL,MAIL_EXPRESS,FOG,EVENING,FRIDAY,CRITICAL,TRACK_MAINTENANCE,1194,1294,100
25270,GWL,RAJDHANI,CLEAR,MORNING,TUESDAY,LOW,NO,492,497,5
22334,BPL,RAJDHANI,MONSOON_STORM,EVENING,SUNDAY,CRITICAL,TRACK_MAINTENANCE,833,940,107
11330,BPL,SUPERFAST,MONSOON_STORM,AFTERNOON,SUNDAY,HIGH,NO,1035,1099,64
17826,HWH,FREIGHT,MONSOON_STORM,AFTERNOON,SATURDAY,CRITICAL,NO,588,695,107
26720,NDLS,SUPERFAST,MONSOON_STORM,EVENING,TUESDAY,HIGH,NO,48,123,75
14784,JHS,RAJDHANI,RAIN,AFTERNOON,WEDNESDAY,MEDIUM,NO,205,223,18
14966,AGC,SUPERFAST,RAIN,MORNING,SATURDAY,MEDIUM,NO,602,629,27
28057,BPL,MAIL_EXPRESS,RAIN,MORNING,TUESDAY,MEDIUM,NO,509,544,35
29763,MTJ,MAIL_EXPRESS,FOG,EVENING,TUESDAY,HIGH,CATTLE_ON_TRACK,154,224,70
11940,HWH,SUPERFAST,RAIN,MORNING,SUNDAY,MEDIUM,NO,883,912,29
29945,MTJ,RAJDHANI,RAIN,MORNING,MONDAY,LOW,NO,997,1010,13
26474,MAS,SUPERFAST,RAIN,NIGHT,WEDNESDAY,LOW,NO,333,344,11
28871,HWH,SUPERFAST,CLEAR,EVENING,TUESDAY,MEDIUM,NO,87,121,34
25208,MAS,SUPERFAST,FOG,EVENING,MONDAY,HIGH,SIGNAL_FAILURE,1311,1395,84
13184,MMCT,FREIGHT,RAIN,MORNING,THURSDAY,MEDIUM,NO,1034,1072,38
12147,NDLS,FREIGHT,CLEAR,NIGHT,SATURDAY,MEDIUM,NO,528,555,27
19061,BPL,RAJDHANI,CLEAR,EVENING,MONDAY,MEDIUM,NO,853,878,25
17185,AGC,SUPERFAST,MONSOON_STORM,NIGHT,WEDNESDAY,MEDIUM,NO,1034,1076,42
26465,JHS,SUPERFAST,RAIN,EVENING,MONDAY,MEDIUM,NO,1169,1206,37
20833,JHS,RAJDHANI,CLEAR,MORNING,WEDNESDAY,LOW,NO,1012,1013,1
25692,MMCT,FREIGHT,CLEAR,AFTERNOON,FRIDAY,MEDIUM,NO,1193,1236,43
22909,BPL,SUPERFAST,FOG,EVENING,SUNDAY,HIGH,NO,444,499,55
26133,AGC,MAIL_EXPRESS,RAIN,EVENING,WEDNESDAY,CRITICAL,CATTLE_ON_TRACK,299,419,120
16786,AGC,FREIGHT,RAIN,AFTERNOON,SATURDAY,MEDIUM,NO,978,1005,27
26157,GWL,SUPERFAST,RAIN,EVENING,MONDAY,MEDIUM,NO,1246,1281,35
11964,AGC,RAJDHANI,CLEAR,MORNING,WEDNESDAY,LOW,NO,749,753,4
18417,MMCT,RAJDHANI,RAIN,AFTERNOON,THURSDAY,LOW,NO,950,961,11
19838,NDLS,MAIL_EXPRESS,RAIN,MORNING,TUESDAY,MEDIUM,NO,899,923,24
12999,BPL,FREIGHT,RAIN,NIGHT,FRIDAY,HIGH,NO,394,448,54
25133,MTJ,SUPERFAST,FOG,AFTERNOON,FRIDAY,MEDIUM,NO,23,65,42
17494,JHS,FREIGHT,CLEAR,AFTERNOON,FRIDAY,MEDIUM,NO,86,101,15
25576,BPL,FREIGHT,RAIN,EVENING,SUNDAY,HIGH,NO,1304,1386,82
16389,BPL,MAIL_EXPRESS,CLEAR,AFTERNOON,SATURDAY,LOW,NO,887,896,9
24737,BPL,MAIL_EXPRESS,CLEAR,MORNING,TUESDAY,LOW,NO,934,939,5
21332,JHS,MAIL_EXPRESS,FOG,NIGHT,WEDNESDAY,HIGH,NO,207,276,69
25111,AGC,SUPERFAST,CLEAR,AFTERNOON,FRIDAY,MEDIUM,NO,1386,1401,15
19180,MAS,FREIGHT,RAIN,NIGHT,TUESDAY,MEDIUM,NO,1352,1391,39
17144,MAS,SUPERFAST,FOG,MORNING,SUNDAY,MEDIUM,NO,865,908,43
13091,GWL,SUPERFAST,CLEAR,MORNING,THURSDAY,LOW,NO,743,752,9
19643,BPL,RAJDHANI,FOG,EVENING,FRIDAY,HIGH,NO,273,321,48
26258,GWL,SUPERFAST,CLEAR,EVENING,MONDAY,HIGH,CATTLE_ON_TRACK,923,1006,83
15051,HWH,MAIL_EXPRESS,FOG,EVENING,FRIDAY,HIGH,NO,400,477,77
21558,BPL,SUPERFAST,CLEAR,NIGHT,MONDAY,HIGH,TRACK_MAINTENANCE,702,765,63
28986,JHS,RAJDHANI,RAIN,MORNING,SATURDAY,MEDIUM,NO,285,304,19
15557,MTJ,MAIL_EXPRESS,MONSOON_STORM,AFTERNOON,THURSDAY,CRITICAL,NO,1234,1325,91
22941,JHS,MAIL_EXPRESS,FOG,AFTERNOON,MONDAY,HIGH,NO,1366,1413,47
12716,MAS,FREIGHT,RAIN,AFTERNOON,WEDNESDAY,MEDIUM,NO,593,634,41
17533,AGC,MAIL_EXPRESS,RAIN,NIGHT,THURSDAY,MEDIUM,NO,473,501,28
19414,HWH,SUPERFAST,FOG,EVENING,SATURDAY,HIGH,NO,649,713,64
10579,MTJ,FREIGHT,CLEAR,NIGHT,WEDNESDAY,MEDIUM,NO,550,578,28
13444,BPL,SUPERFAST,MONSOON_STORM,MORNING,FRIDAY,HIGH,NO,924,977,53
28968,GWL,SUPERFAST,RAIN,NIGHT,WEDNESDAY,MEDIUM,NO,894,916,22
29036,MMCT,SUPERFAST,RAIN,AFTERNOON,MONDAY,MEDIUM,NO,787,818,31
10904,GWL,SUPERFAST,MONSOON_STORM,MORNING,WEDNESDAY,CRITICAL,SIGNAL_FAILURE,450,547,97
14894,JHS,FREIGHT,RAIN,MORNING,WEDNESDAY,MEDIUM,NO,1360,1389,29
24069,AGC,RAJDHANI,FOG,MORNING,TUESDAY,MEDIUM,NO,269,313,44
24895,BPL,RAJDHANI,FOG,EVENING,FRIDAY,HIGH,NO,1320,1368,48
15131,JHS,RAJDHANI,FOG,MORNING,WEDNESDAY,MEDIUM,NO,533,571,38
18315,AGC,SUPERFAST,RAIN,NIGHT,MONDAY,MEDIUM,NO,1260,1284,24
20551,AGC,RAJDHANI,FOG,NIGHT,SUNDAY,HIGH,NO,1370,1415,45
18762,BPL,MAIL_EXPRESS,MONSOON_STORM,MORNING,THURSDAY,HIGH,NO,427,505,78
19957,JHS,MAIL_EXPRESS,RAIN,EVENING,WEDNESDAY,CRITICAL,CATTLE_ON_TRACK,1094,1188,94
13588,JHS,SUPERFAST,CLEAR,AFTERNOON,WEDNESDAY,LOW,NO,706,714,8
21114,JHS,RAJDHANI,CLEAR,NIGHT,THURSDAY,LOW,NO,654,657,3
18461,HWH,FREIGHT,FOG,AFTERNOON,MONDAY,HIGH,NO,308,356,48
10216,MTJ,RAJDHANI,FOG,MORNING,FRIDAY,CRITICAL,CATTLE_ON_TRACK,816,914,98
12628,BPL,FREIGHT,CLEAR,NIGHT,SATURDAY,MEDIUM,NO,290,322,32
28989,HWH,SUPERFAST,MONSOON_STORM,AFTERNOON,MONDAY,HIGH,NO,887,962,75
19292,MTJ,FREIGHT,CLEAR,MORNING,FRIDAY,LOW,NO,44,55,11
27094,AGC,FREIGHT,FOG,AFTERNOON,SUNDAY,MEDIUM,NO,266,294,28
21128,NDLS,RAJDHANI,CLEAR,AFTERNOON,SUNDAY,LOW,NO,539,539,0
16238,JHS,SUPERFAST,RAIN,AFTERNOON,THURSDAY,MEDIUM,NO,1044,1078,34
13737,MAS,SUPERFAST,FOG,AFTERNOON,THURSDAY,MEDIUM,NO,797,821,24
15862,MMCT,SUPERFAST,RAIN,EVENING,TUESDAY,MEDIUM,NO,777,815,38
12442,JHS,FREIGHT,RAIN,MORNING,THURSDAY,HIGH,NO,5,65,60
21421,NDLS,SUPERFAST,CLEAR,NIGHT,TUESDAY,LOW,NO,1171,1179,8
15941,MMCT,FREIGHT,RAIN,AFTERNOON,THURSDAY,HIGH,CATTLE_ON_TRACK,125,174,49
28380,MMCT,MAIL_EXPRESS,CLEAR,MORNING,THURSDAY,MEDIUM,NO,317,346,29
10477,MMCT,RAJDHANI,MONSOON_STORM,AFTERNOON,SATURDAY,HIGH,NO,722,777,55
16396,HWH,FREIGHT,RAIN,AFTERNOON,THURSDAY,HIGH,NO,1222,1283,61
16412,JHS,FREIGHT,FOG,EVENING,FRIDAY,CRITICAL,NO,23,116,93
24304,MMCT,RAJDHANI,CLEAR,EVENING,SUNDAY,MEDIUM,NO,206,221,15
24993,AGC,MAIL_EXPRESS,CLEAR,EVENING,THURSDAY,MEDIUM,NO,526,567,41
29941,JHS,FREIGHT,RAIN,MORNING,MONDAY,HIGH,NO,972,1019,47
27340,MMCT,MAIL_EXPRESS,MONSOON_STORM,AFTERNOON,TUESDAY,CRITICAL,CATTLE_ON_TRACK,601,694,93
28913,NDLS,RAJDHANI,CLEAR,EVENING,TUESDAY,LOW,NO,741,752,11
29456,AGC,MAIL_EXPRESS,CLEAR,MORNING,THURSDAY,MEDIUM,NO,250,267,17
13641,NDLS,RAJDHANI,FOG,MORNING,MONDAY,HIGH,NO,300,347,47
15967,NDLS,SUPERFAST,RAIN,NIGHT,SUNDAY,MEDIUM,NO,1214,1238,24
12771,MTJ,SUPERFAST,CLEAR,MORNING,FRIDAY,MEDIUM,NO,448,463,15
15677,MMCT,FREIGHT,MONSOON_STORM,NIGHT,SATURDAY,HIGH,NO,1239,1285,46
25066,MAS,SUPERFAST,CLEAR,MORNING,MONDAY,LOW,NO,131,138,7
28640,MMCT,SUPERFAST,RAIN,AFTERNOON,THURSDAY,HIGH,CATTLE_ON_TRACK,902,982,80
13132,NDLS,SUPERFAST,RAIN,EVENING,WEDNESDAY,HIGH,NO,407,452,45
24743,JHS,MAIL_EXPRESS,RAIN,EVENING,WEDNESDAY,HIGH,CATTLE_ON_TRACK,122,206,84
19020,JHS,RAJDHANI,FOG,NIGHT,SUNDAY,MEDIUM,NO,813,836,23
21300,HWH,SUPERFAST,CLEAR,EVENING,THURSDAY,MEDIUM,NO,1315,1347,32
13215,MAS,RAJDHANI,RAIN,MORNING,WEDNESDAY,HIGH,CATTLE_ON_TRACK,316,384,68
18352,BPL,SUPERFAST,RAIN,AFTERNOON,WEDNESDAY,MEDIUM,NO,433,462,29
13966,MAS,MAIL_EXPRESS,RAIN,EVENING,TUESDAY,MEDIUM,NO,1046,1090,44
11478,MMCT,MAIL_EXPRESS,CLEAR,EVENING,WEDNESDAY,MEDIUM,NO,1350,1389,39
16393,JHS,SUPERFAST,FOG,AFTERNOON,FRIDAY,MEDIUM,NO,699,741,42
13129,BPL,RAJDHANI,FOG,EVENING,SUNDAY,HIGH,TRACK_MAINTENANCE,1227,1295,68
19993,NDLS,RAJDHANI,FOG,NIGHT,SUNDAY,HIGH,TRACK_MAINTENANCE,870,947,77
18366,AGC,RAJDHANI,CLEAR,NIGHT,SATURDAY,LOW,NO,398,400,2
25815,BPL,FREIGHT,CLEAR,NIGHT,THURSDAY,HIGH,NO,503,553,50
28591,MAS,MAIL_EXPRESS,CLEAR,NIGHT,WEDNESDAY,HIGH,CATTLE_ON_TRACK,89,158,69
17182,MAS,MAIL_EXPRESS,FOG,MORNING,SATURDAY,MEDIUM,NO,763,800,37
13533,AGC,FREIGHT,FOG,EVENING,WEDNESDAY,HIGH,NO,850,929,79
12222,GWL,SUPERFAST,CLEAR,EVENING,MONDAY,MEDIUM,NO,615,642,27
21065,GWL,RAJDHANI,RAIN,NIGHT,WEDNESDAY,MEDIUM,NO,79,96,17
19448,JHS,FREIGHT,MONSOON_STORM,NIGHT,THURSDAY,CRITICAL,NO,44,150,106
15658,BPL,SUPERFAST,RAIN,NIGHT,TUESDAY,MEDIUM,NO,761,780,19
26341,NDLS,SUPERFAST,CLEAR,MORNING,SUNDAY,LOW,NO,438,450,12
24934,MTJ,MAIL_EXPRESS,CLEAR,AFTERNOON,SUNDAY,LOW,NO,851,862,11
29440,MTJ,MAIL_EXPRESS,CLEAR,NIGHT,WEDNESDAY,MEDIUM,NO,1093,1119,26
13330,NDLS,MAIL_EXPRESS,CLEAR,MORNING,MONDAY,HIGH,CATTLE_ON_TRACK,469,547,78
10355,AGC,SUPERFAST,CLEAR,EVENING,WEDNESDAY,LOW,NO,1063,1077,14
15133,BPL,SUPERFAST,MONSOON_STORM,EVENING,THURSDAY,HIGH,NO,1382,1441,59
15912,MTJ,SUPERFAST,RAIN,NIGHT,SUNDAY,MEDIUM,NO,344,368,24
24349,HWH,MAIL_EXPRESS,MONSOON_STORM,NIGHT,FRIDAY,CRITICAL,NO,848,955,107
19670,MTJ,FREIGHT,CLEAR,AFTERNOON,TUESDAY,MEDIUM,NO,689,729,40
13742,GWL,MAIL_EXPRESS,RAIN,EVENING,SATURDAY,MEDIUM,NO,1365,1404,39
22800,BPL,FREIGHT,MONSOON_STORM,NIGHT,WEDNESDAY,HIGH,NO,287,338,51
20540,GWL,RAJDHANI,CLEAR,MORNING,WEDNESDAY,LOW,NO,278,281,3
27942,NDLS,RAJDHANI,CLEAR,AFTERNOON,FRIDAY,LOW,NO,1135,1135,0
11381,MAS,FREIGHT,CLEAR,AFTERNOON,SATURDAY,MEDIUM,NO,1364,1380,16
18898,HWH,MAIL_EXPRESS,CLEAR,NIGHT,MONDAY,LOW,NO,1152,1165,13
12009,MMCT,SUPERFAST,FOG,NIGHT,MONDAY,HIGH,NO,314,363,49
